season,team,player,nation,pos,age,born,90s,Total_Cmp,Total_Att,Total_Cmp%,Total_TotDist,Total_PrgDist,Short_Cmp,Short_Att,Short_Cmp%,Medium_Cmp,Medium_Att,Medium_Cmp%,Long_Cmp,Long_Att,Long_Cmp%,Ast,xAG,Expected_xA,Expected_A-xAG,KP,1/3,PPA,CrsPA,PrgP
2425,Arsenal,Ben White,ENG,DF,27-038,1997,7.7,294,352,83.5,4830,1659,150,164,91.5,123,142,86.6,14,32,43.8,1,0.4,0.4,0.6,3,27,6,1,30
2425,Arsenal,Bukayo Saka,ENG,"MF,FW",23-071,2001,9.1,246,321,76.6,3720,1196,141,154,91.6,76,103,73.8,19,39,48.7,7,3.8,3.4,3.2,28,8,16,6,33
2425,Arsenal,David Raya,ESP,GK,29-061,1995,11.0,274,396,69.2,7652,5639,61,62,98.4,131,133,98.5,82,199,41.2,0,0.0,0.0,0.0,0,18,1,0,3
2425,Arsenal,Declan Rice,ENG,MF,25-306,1999,9.2,377,467,80.7,6610,1762,178,194,91.8,154,177,87.0,37,78,47.4,1,1.4,1.2,-0.4,14,39,9,0,60
2425,Arsenal,Ethan Nwaneri,ENG,"MF,FW",17-239,2007,0.6,25,30,83.3,388,118,15,15,100.0,7,8,87.5,3,5,60.0,0,0.1,0.2,-0.1,1,2,0,0,2
2425,Arsenal,Gabriel Jesus,BRA,"FW,MF",27-226,1997,1.4,39,53,73.6,441,69,33,38,86.8,5,5,100.0,0,1,0.0,0,0.4,0.1,-0.4,3,2,1,0,2
2425,Arsenal,Gabriel Magalhães,BRA,DF,26-332,1997,10.6,526,599,87.8,9116,2691,223,235,94.9,265,290,91.4,30,59,50.8,0,0.4,0.5,-0.4,4,33,3,0,30
2425,Arsenal,Gabriel Martinelli,BRA,"MF,FW",23-150,2001,7.6,152,213,71.4,2268,480,94,116,81.0,49,67,73.1,7,13,53.8,2,1.7,1.8,0.3,12,3,10,5,15
2425,Arsenal,Jakub Kiwior,POL,DF,24-274,2000,1.1,26,34,76.5,444,131,13,16,81.3,11,13,84.6,2,5,40.0,0,0.0,0.0,0.0,0,2,0,0,1
2425,Arsenal,Jorginho,ITA,MF,32-331,1991,1.7,62,73,84.9,1014,257,28,33,84.8,30,32,93.8,3,6,50.0,0,0.0,0.2,0.0,1,5,4,0,9
2425,Arsenal,Jurriën Timber,NED,DF,23-151,2001,7.6,222,279,79.6,3386,1112,119,135,88.1,91,116,78.4,8,15,53.3,1,0.5,0.3,0.5,10,19,6,1,31
2425,Arsenal,Kai Havertz,GER,FW,25-157,1999,11.0,189,252,75.0,2314,561,137,165,83.0,46,59,78.0,2,8,25.0,1,1.1,1.1,-0.1,9,13,6,1,33
2425,Arsenal,Leandro Trossard,BEL,FW,29-347,1994,6.4,133,183,72.7,2479,799,53,69,76.8,62,78,79.5,14,22,63.6,0,0.8,0.4,-0.8,10,10,10,1,27
2425,Arsenal,Martin Ødegaard,NOR,MF,25-334,1998,3.8,118,146,80.8,1792,527,67,77,87.0,48,57,84.2,2,4,50.0,1,0.7,1.0,0.3,9,17,10,1,29
2425,Arsenal,Mikel Merino,ESP,"MF,FW",28-146,1996,3.1,93,124,75.0,1432,488,56,64,87.5,30,41,73.2,5,9,55.6,0,0.5,0.3,-0.5,3,12,7,0,19
2425,Arsenal,Myles Lewis-Skelly,ENG,DF,18-050,2006,0.2,9,12,75.0,133,79,7,8,87.5,2,3,66.7,0,0,,0,0.0,0.0,0.0,0,2,0,0,2
2425,Arsenal,Oleksandr Zinchenko,UKR,"DF,MF",27-336,1996,1.2,79,98,80.6,1408,343,37,43,86.0,36,43,83.7,5,8,62.5,0,0.0,0.1,0.0,0,7,1,0,13
2425,Arsenal,Raheem Sterling,ENG,"MF,FW",29-343,1994,1.4,30,43,69.8,418,64,19,25,76.0,10,14,71.4,1,2,50.0,0,0.0,0.1,0.0,1,0,0,0,3
2425,Arsenal,Reiss Nelson,ENG,FW,24-341,1999,0.0,0,0,,0,0,0,0,,0,0,,0,0,,0,0.0,0.0,0.0,0,0,0,0,0
2425,Arsenal,Riccardo Calafiori,ITA,DF,22-180,2002,4.3,174,209,83.3,2739,661,98,108,90.7,63,77,81.8,11,12,91.7,0,0.1,0.4,-0.1,2,11,3,1,18
2425,Arsenal,Takehiro Tomiyasu,JPN,DF,26-010,1998,0.1,3,4,75.0,42,10,1,1,100.0,2,2,100.0,0,1,0.0,0,0.0,0.0,0.0,0,0,0,0,1
2425,Arsenal,Thomas Partey,GHA,"MF,DF",31-155,1993,10.8,530,609,87.0,8630,2243,267,286,93.4,230,263,87.5,27,43,62.8,0,0.6,0.5,-0.6,7,46,13,1,65
2425,Arsenal,William Saliba,FRA,DF,23-236,2001,9.3,537,568,94.5,9430,2479,204,213,95.8,301,313,96.2,29,33,87.9,0,0.5,0.6,-0.5,2,38,1,0,26
2425,Aston Villa,Amadou Onana,BEL,MF,23-091,2001,7.8,283,317,89.3,4384,1046,144,152,94.7,117,127,92.1,13,15,86.7,0,0.1,0.2,-0.1,3,21,4,1,23
2425,Aston Villa,Boubacar Kamara,FRA,MF,24-358,1999,0.4,22,26,84.6,302,91,12,13,92.3,8,9,88.9,1,3,33.3,0,0.0,0.0,0.0,0,3,0,0,2
2425,Aston Villa,Diego Carlos,BRA,DF,31-245,1993,5.2,274,311,88.1,5546,2017,76,84,90.5,169,179,94.4,28,44,63.6,0,0.0,0.1,0.0,0,12,1,0,14
2425,Aston Villa,Emi Buendía,ARG,"MF,FW",27-326,1996,0.3,19,21,90.5,240,77,15,16,93.8,2,3,66.7,1,1,100.0,0,0.0,0.0,0.0,0,3,0,0,3
2425,Aston Villa,Emiliano Martínez,ARG,GK,32-074,1992,11.0,324,400,81.0,8832,5315,43,44,97.7,196,201,97.5,85,154,55.2,0,0.0,0.0,0.0,0,8,0,0,0
2425,Aston Villa,Ezri Konsa,ENG,DF,27-023,1997,9.1,449,488,92.0,7617,2355,185,193,95.9,241,249,96.8,16,32,50.0,0,0.1,0.3,-0.1,2,41,1,0,32
2425,Aston Villa,Ian Maatsen,NED,DF,22-250,2002,1.8,91,112,81.3,1480,541,42,50,84.0,38,41,92.7,8,11,72.7,0,0.9,0.7,-0.9,7,4,6,1,9
2425,Aston Villa,Jacob Ramsey,ENG,"FW,MF",23-171,2001,7.0,223,262,85.1,2863,685,159,173,91.9,52,61,85.2,4,8,50.0,2,1.3,1.2,0.7,8,12,7,0,28
2425,Aston Villa,Jaden Philogene Bidace,ENG,"FW,MF",22-281,2002,2.2,35,45,77.8,448,82,22,27,81.5,11,12,91.7,0,1,0.0,0,0.0,0.0,0.0,0,1,1,0,2
2425,Aston Villa,Jhon Durán,COL,FW,20-338,2003,3.2,51,75,68.0,722,179,27,35,77.1,18,26,69.2,3,5,60.0,0,0.0,0.2,0.0,1,7,0,0,6
2425,Aston Villa,John McGinn,SCO,"FW,MF",30-028,1994,6.1,144,183,78.7,2496,690,60,69,87.0,68,77,88.3,14,25,56.0,0,0.4,0.8,-0.4,5,11,7,1,22
2425,Aston Villa,Kosta Nedeljković,SRB,DF,18-335,2005,1.1,31,36,86.1,548,134,16,17,94.1,12,15,80.0,3,4,75.0,0,0.0,0.0,0.0,0,4,0,0,3
2425,Aston Villa,Lamare Bogarde,NED,DF,20-315,2004,1.9,86,99,86.9,1265,446,55,60,91.7,28,31,90.3,2,5,40.0,0,0.1,0.1,-0.1,1,10,1,0,6
2425,Aston Villa,Leon Bailey,JAM,"FW,MF",27-098,1997,5.6,117,166,70.5,1749,452,68,84,81.0,39,48,81.3,6,15,40.0,2,1.0,1.3,1.0,8,5,13,2,18
2425,Aston Villa,Lucas Digne,FRA,DF,31-118,1993,9.3,355,463,76.7,5781,1829,182,199,91.5,144,187,77.0,22,51,43.1,2,2.4,1.8,-0.4,14,9,14,9,15
2425,Aston Villa,Matty Cash,POL,DF,27-100,1997,4.7,185,226,81.9,3073,1011,86,90,95.6,87,106,82.1,8,22,36.4,0,0.2,0.2,-0.2,2,12,1,1,14
2425,Aston Villa,Morgan Rogers,ENG,"MF,FW",22-112,2002,10.0,193,255,75.7,2535,941,121,143,84.6,41,55,74.5,13,18,72.2,2,2.5,1.5,-0.5,16,20,12,0,31
2425,Aston Villa,Ollie Watkins,ENG,FW,28-321,1995,9.3,81,109,74.3,857,94,55,71,77.5,15,16,93.8,1,2,50.0,2,1.0,0.6,1.0,8,3,1,0,5
2425,Aston Villa,Pau Torres,ESP,DF,27-304,1997,11.0,562,650,86.5,9297,3461,262,279,93.9,262,283,92.6,31,72,43.1,0,0.0,0.2,0.0,1,62,6,0,40
2425,Aston Villa,Ross Barkley,ENG,MF,30-346,1993,3.1,156,178,87.6,2399,553,84,92,91.3,62,70,88.6,7,9,77.8,1,0.2,0.2,0.8,5,18,4,0,16
2425,Aston Villa,Youri Tielemans,BEL,MF,27-192,1997,10.8,584,712,82.0,10010,3671,277,310,89.4,248,278,89.2,51,100,51.0,3,2.7,2.4,0.3,24,89,14,3,79
2425,Bournemouth,Adam Smith,ENG,DF,33-200,1991,6.7,183,236,77.5,2782,904,95,111,85.6,76,95,80.0,6,19,31.6,0,0.1,0.1,-0.1,3,14,2,1,11
2425,Bournemouth,Alex Scott,ENG,MF,21-086,2003,2.9,116,132,87.9,2046,749,55,60,91.7,52,55,94.5,9,12,75.0,0,0.2,0.2,-0.2,5,22,4,0,32
2425,Bournemouth,Antoine Semenyo,GHA,FW,24-313,2000,10.7,223,315,70.8,3371,801,137,160,85.6,69,95,72.6,13,31,41.9,1,2.1,1.7,-1.1,13,19,9,2,24
2425,Bournemouth,Dango Ouattara,BFA,"FW,DF",22-278,2002,4.6,75,141,53.2,1269,357,37,56,66.1,33,49,67.3,5,21,23.8,1,1.4,0.9,-0.4,5,1,2,2,6
2425,Bournemouth,Daniel Jebbison,ENG,FW,21-094,2003,0.3,3,5,60.0,38,6,3,4,75.0,0,0,,0,0,,0,0.0,0.0,0.0,1,1,0,0,0
2425,Bournemouth,David Brooks,WAL,"MF,FW",27-130,1997,0.5,13,19,68.4,256,85,5,7,71.4,6,7,85.7,2,4,50.0,0,0.3,0.3,-0.3,1,0,4,1,4
2425,Bournemouth,Dean Huijsen,ESP,DF,19-215,2005,2.4,128,153,83.7,2550,1082,39,41,95.1,75,87,86.2,14,23,60.9,0,0.2,0.0,-0.2,4,8,0,0,11
2425,Bournemouth,Enes Ünal,TUR,"FW,MF",27-189,1997,1.7,22,37,59.5,270,96,10,14,71.4,9,18,50.0,0,1,0.0,0,0.1,0.1,-0.1,2,2,3,0,7
2425,Bournemouth,Evanilson,BRA,FW,25-040,1999,7.9,64,98,65.3,874,168,41,59,69.5,14,18,77.8,5,6,83.3,0,0.7,0.6,-0.7,7,3,1,0,5
2425,Bournemouth,Illia Zabarnyi,UKR,DF,22-075,2002,11.0,446,532,83.8,9499,3418,120,131,91.6,266,286,93.0,59,110,53.6,0,0.1,0.1,-0.1,1,40,2,0,39
2425,Bournemouth,Julian Araujo,MEX,DF,23-094,2001,3.9,131,166,78.9,2297,759,60,67,89.6,61,71,85.9,9,22,40.9,0,0.0,0.0,0.0,0,15,1,0,14
2425,Bournemouth,Justin Kluivert,NED,"MF,FW",25-194,1999,6.9,127,178,71.3,2061,465,66,86,76.7,50,65,76.9,9,14,64.3,2,1.1,0.9,0.9,11,9,5,1,27
2425,Bournemouth,Kepa Arrizabalaga,ESP,GK,30-043,1994,6.0,148,192,77.1,4289,2984,16,18,88.9,82,84,97.6,49,87,56.3,0,0.0,0.0,0.0,1,2,0,0,0
2425,Bournemouth,Lewis Cook,ENG,MF,27-286,1997,10.9,386,513,75.2,6826,2106,169,196,86.2,181,212,85.4,34,89,38.2,3,2.0,1.7,1.0,16,52,8,2,57
2425,Bournemouth,Luis Sinisterra,COL,"FW,MF",25-151,1999,2.3,54,70,77.1,789,117,33,35,94.3,17,26,65.4,3,3,100.0,1,1.0,0.9,0.0,9,4,1,1,3
2425,Bournemouth,Marcos Senesi,ARG,DF,27-189,1997,8.6,369,484,76.2,7561,4086,133,155,85.8,181,209,86.6,53,110,48.2,0,0.3,0.4,-0.3,4,59,11,3,41
2425,Bournemouth,Marcus Tavernier,ENG,"MF,FW",25-238,1999,8.9,239,339,70.5,4020,1228,118,137,86.1,94,125,75.2,22,54,40.7,2,1.7,1.5,0.3,23,29,16,6,51
2425,Bournemouth,Mark Travers,IRL,GK,25-181,1999,3.0,51,72,70.8,1990,1697,4,4,100.0,21,22,95.5,26,46,56.5,0,0.0,0.0,0.0,0,0,0,0,0
2425,Bournemouth,Milos Kerkez,HUN,DF,21-008,2003,10.3,347,443,78.3,5619,1920,193,215,89.8,128,157,81.5,24,59,40.7,2,1.0,0.8,1.0,10,19,9,7,45
2425,Bournemouth,Neto,BRA,GK,35-119,1989,2.0,40,62,64.5,1183,896,7,7,100.0,21,21,100.0,12,33,36.4,0,0.0,0.0,0.0,0,2,0,0,0
2425,Bournemouth,Philip Billing,DEN,MF,28-157,1996,0.3,6,13,46.2,77,24,3,5,60.0,2,5,40.0,0,1,0.0,0,0.0,0.1,0.0,0,1,1,1,0
2425,Bournemouth,Ryan Christie,SCO,MF,29-267,1995,7.8,270,324,83.3,4637,1204,128,147,87.1,114,124,91.9,25,41,61.0,0,1.1,0.8,-1.1,11,30,10,1,43
2425,Bournemouth,Tyler Adams,USA,MF,25-275,1999,1.1,38,48,79.2,623,119,17,17,100.0,20,25,80.0,1,3,33.3,0,0.1,0.0,-0.1,2,5,0,0,3
2425,Brentford,Ben Mee,ENG,"DF,FW",35-055,1989,0.1,1,4,25.0,33,0,0,0,,0,0,,1,3,33.3,0,0.0,0.0,0.0,0,0,0,0,0
2425,Brentford,Bryan Mbeumo,CMR,FW,25-100,1999,10.9,252,361,69.8,4150,1213,127,157,80.9,101,128,78.9,19,50,38.0,1,2.1,2.7,-1.1,18,18,16,4,38
2425,Brentford,Christian Nørgaard,DEN,MF,30-250,1994,8.6,297,368,80.7,4780,1496,146,164,89.0,128,155,82.6,14,28,50.0,1,0.3,0.2,0.7,5,35,1,1,35
2425,Brentford,Ethan Pinnock,JAM,DF,31-170,1993,11.0,519,610,85.1,9832,3415,183,194,94.3,283,318,89.0,51,87,58.6,0,0.6,0.5,-0.6,5,27,3,1,26
2425,Brentford,Fabio Carvalho,POR,"FW,MF",22-077,2002,3.2,69,104,66.3,949,195,44,58,75.9,18,25,72.0,3,9,33.3,1,0.5,0.4,0.5,3,7,2,0,7
2425,Brentford,Frank Onyeka,NGA,MF,26-319,1998,0.3,6,7,85.7,71,19,5,5,100.0,1,1,100.0,0,0,,0,0.0,0.0,0.0,0,0,1,0,1
2425,Brentford,Keane Lewis-Potter,ENG,"FW,DF",23-267,2001,8.5,175,227,77.1,3005,681,93,104,89.4,63,79,79.7,16,25,64.0,1,1.0,1.5,0.0,9,8,10,3,23
2425,Brentford,Kevin Schade,GER,"FW,MF",22-354,2001,5.4,60,107,56.1,886,179,36,54,66.7,19,36,52.8,2,6,33.3,0,0.1,0.1,-0.1,2,5,2,0,7
2425,Brentford,Kristoffer Ajer,NOR,DF,26-212,1998,7.1,236,300,78.7,3792,1412,125,140,89.3,89,117,76.1,15,24,62.5,0,0.2,0.1,-0.2,2,20,2,2,25
2425,Brentford,Mads Roerslev,DEN,DF,25-144,1999,5.0,201,251,80.1,3465,1015,91,104,87.5,91,108,84.3,15,26,57.7,1,1.6,0.6,-0.6,7,19,4,2,29
2425,Brentford,Mark Flekken,NED,GK,31-155,1993,11.0,438,569,77.0,12626,8044,50,52,96.2,241,249,96.8,147,266,55.3,0,0.0,0.0,0.0,0,15,1,0,0
2425,Brentford,Mathias Jensen,DEN,MF,28-319,1996,3.9,130,179,72.6,2399,891,57,67,85.1,55,73,75.3,15,33,45.5,1,0.8,0.6,0.2,7,17,8,2,28
2425,Brentford,Mikkel Damsgaard,DEN,"MF,FW",24-135,2000,8.8,274,380,72.1,4600,1588,147,172,85.5,98,136,72.1,27,54,50.0,3,2.8,1.9,0.2,18,29,11,3,55
2425,Brentford,Nathan Collins,IRL,DF,23-199,2001,11.0,547,645,84.8,10319,3512,194,227,85.5,316,339,93.2,35,69,50.7,0,0.4,0.6,-0.4,3,27,2,1,40
2425,Brentford,Ryan Trevitt,ENG,MF,21-248,2003,0.0,4,7,57.1,73,23,1,2,50.0,3,3,100.0,0,0,,0,0.0,0.0,0.0,0,1,0,0,0
2425,Brentford,Sepp van den Berg,NED,DF,22-331,2001,8.1,301,370,81.4,4748,1658,157,185,84.9,125,148,84.5,15,27,55.6,0,0.1,0.4,-0.1,2,15,3,1,19
2425,Brentford,Vitaly Janelt,GER,MF,26-189,1998,10.0,349,418,83.5,6258,1882,164,181,90.6,147,168,87.5,34,56,60.7,3,1.5,1.1,1.5,8,34,12,5,35
2425,Brentford,Yehor Yarmoliuk,UKR,MF,20-259,2004,1.6,86,107,80.4,1221,252,52,64,81.3,29,34,85.3,2,4,50.0,0,0.0,0.1,0.0,1,6,1,1,6
2425,Brentford,Yoane Wissa,COD,FW,28-073,1996,6.3,112,139,80.6,1651,370,69,81,85.2,32,40,80.0,8,13,61.5,1,0.3,0.3,0.7,4,10,0,0,10
2425,Brentford,Yunus Emre Konak,TUR,"MF,FW",18-310,2006,0.2,12,16,75.0,201,62,7,8,87.5,3,4,75.0,2,3,66.7,0,0.0,0.0,0.0,0,1,0,0,2
2425,Brighton,Adam Webster,ENG,DF,29-316,1995,0.9,69,78,88.5,1289,639,23,25,92.0,39,42,92.9,5,6,83.3,0,0.0,0.0,0.0,0,9,0,0,10
2425,Brighton,Bart Verbruggen,NED,GK,22-089,2002,9.0,290,357,81.2,6882,4896,92,92,100.0,122,124,98.4,75,136,55.1,0,0.0,0.0,0.0,0,3,0,0,0
2425,Brighton,Billy Gilmour,SCO,MF,23-157,2001,1.1,58,67,86.6,980,346,36,38,94.7,18,22,81.8,4,7,57.1,0,0.0,0.0,0.0,0,12,2,0,11
2425,Brighton,Brajan Gruda,GER,MF,20-168,2004,0.7,17,22,77.3,209,16,10,12,83.3,6,7,85.7,0,2,0.0,0,0.1,0.0,-0.1,2,0,0,0,0
2425,Brighton,Carlos Baleba,CMR,MF,20-317,2004,6.9,270,303,89.1,4454,1139,132,143,92.3,110,121,90.9,24,29,82.8,1,0.5,0.2,0.5,7,28,7,0,37
2425,Brighton,Danny Welbeck,ENG,FW,33-355,1990,10.3,175,213,82.2,2115,406,109,130,83.8,43,51,84.3,4,4,100.0,2,0.5,0.4,1.5,10,10,6,0,23
2425,Brighton,Evan Ferguson,IRL,FW,20-027,2004,1.2,15,23,65.2,169,32,13,16,81.3,1,3,33.3,1,2,50.0,0,0.0,0.0,0.0,0,1,0,0,1
2425,Brighton,Ferdi Kadioglu,TUR,"DF,MF",25-039,1999,4.3,144,175,82.3,2372,698,73,82,89.0,61,74,82.4,9,14,64.3,0,0.2,0.3,-0.2,5,10,9,4,15
2425,Brighton,Georginio Rutter,FRA,"FW,MF",22-209,2002,6.7,110,150,73.3,1611,537,66,77,85.7,34,46,73.9,6,8,75.0,2,1.3,0.9,0.7,9,15,10,0,36
2425,Brighton,Igor,BRA,DF,26-282,1998,5.3,326,352,92.6,5980,1887,128,133,96.2,170,177,96.0,26,34,76.5,0,0.0,0.1,0.0,0,19,1,0,20
2425,Brighton,Jack Hinshelwood,ENG,"MF,DF",19-218,2005,9.3,410,495,82.8,6127,1488,244,264,92.4,125,150,83.3,30,61,49.2,0,0.3,0.7,-0.3,7,17,4,0,31
2425,Brighton,Jakub Moder,POL,MF,25-222,1999,0.1,11,13,84.6,172,23,5,7,71.4,6,6,100.0,0,0,,0,0.0,0.0,0.0,1,0,0,0,3
2425,Brighton,James Milner,ENG,MF,38-316,1986,1.9,55,73,75.3,899,347,26,28,92.9,23,30,76.7,4,10,40.0,0,0.2,0.2,-0.2,4,3,1,1,10
2425,Brighton,Jan Paul van Hecke,NED,DF,24-160,2000,8.1,588,639,92.0,11729,4593,193,206,93.7,324,336,96.4,68,86,79.1,1,0.4,0.4,0.6,3,57,2,2,67
2425,Brighton,Jason Steele,ENG,GK,34-089,1990,2.0,101,112,90.2,2321,1556,21,21,100.0,63,65,96.9,17,26,65.4,0,0.0,0.0,0.0,0,0,0,0,0
2425,Brighton,Jeremy Sarmiento,ECU,MF,22-152,2002,0.1,6,6,100.0,74,1,4,4,100.0,2,2,100.0,0,0,,0,0.0,0.0,0.0,0,0,0,0,0
2425,Brighton,João Pedro,BRA,"MF,FW",23-050,2001,3.4,85,115,73.9,1301,375,52,69,75.4,25,32,78.1,6,7,85.7,1,0.7,0.6,0.3,4,6,9,2,16
2425,Brighton,Joël Veltman,NED,DF,32-305,1992,9.6,378,476,79.4,6300,1712,199,222,89.6,141,174,81.0,34,55,61.8,0,0.3,1.1,-0.3,3,28,3,2,33
2425,Brighton,Julio Enciso,PAR,"MF,FW",20-297,2004,1.0,39,58,67.2,604,211,25,28,89.3,8,13,61.5,4,12,33.3,0,0.2,0.2,-0.2,4,5,2,1,5
2425,Brighton,Kaoru Mitoma,JPN,"FW,MF",27-179,1997,10.2,265,357,74.2,3572,814,174,204,85.3,65,95,68.4,14,24,58.3,2,2.7,2.0,-0.7,14,14,14,5,33
2425,Brighton,Lewis Dunk,ENG,DF,32-360,1991,7.8,587,645,91.0,10289,3576,250,258,96.9,284,300,94.7,43,72,59.7,0,0.4,0.3,-0.4,4,54,1,0,56
2425,Brighton,Mats Wieffer,NED,MF,24-365,1999,2.6,148,178,83.1,2404,705,71,78,91.0,68,80,85.0,6,10,60.0,1,0.1,0.1,0.9,4,12,0,0,18
2425,Brighton,Matt O'Riley,DEN,MF,23-360,2000,0.4,7,9,77.8,106,19,3,3,100.0,4,5,80.0,0,0,,0,0.0,0.0,0.0,0,1,0,0,0
2425,Brighton,Pervis Estupiñán,ECU,DF,26-299,1998,5.8,306,370,82.7,4607,1433,182,196,92.9,97,115,84.3,18,41,43.9,0,0.8,0.8,-0.8,7,21,11,6,32
2425,Brighton,Simon Adingra,CIV,"FW,MF",22-319,2002,2.3,57,83,68.7,789,163,39,47,83.0,15,23,65.2,3,6,50.0,1,0.5,0.7,0.5,2,1,2,0,4
2425,Brighton,Tariq Lamptey,GHA,DF,24-046,2000,0.1,4,4,100.0,40,11,2,2,100.0,1,1,100.0,0,0,,1,0.1,0.0,0.9,1,0,0,0,0
2425,Brighton,Yankuba Minteh,GAM,"FW,MF",20-116,2004,4.5,79,130,60.8,1297,452,41,54,75.9,28,41,68.3,7,16,43.8,1,1.5,1.2,-0.5,8,6,8,3,12
2425,Brighton,Yasin Ayari,SWE,MF,21-040,2003,5.5,165,217,76.0,2450,692,93,107,86.9,58,66,87.9,7,25,28.0,0,0.8,0.8,-0.8,9,13,7,1,20
2425,Chelsea,Axel Disasi,FRA,DF,26-249,1998,1.0,64,74,86.5,1011,433,33,35,94.3,26,28,92.9,4,8,50.0,0,0.0,0.0,0.0,0,2,0,0,5
2425,Chelsea,Benoît Badiashile,FRA,DF,23-234,2001,0.4,42,43,97.7,851,215,10,10,100.0,26,27,96.3,5,5,100.0,0,0.0,0.0,0.0,0,2,0,0,3
2425,Chelsea,Christopher Nkunku,FRA,FW,27-001,1997,1.8,66,71,93.0,821,195,40,42,95.2,19,20,95.0,1,1,100.0,0,0.3,0.2,-0.3,4,3,2,0,7
2425,Chelsea,Cole Palmer,ENG,"MF,FW",22-193,2002,10.6,318,433,73.4,6170,1847,130,159,81.8,124,148,83.8,55,101,54.5,5,4.8,2.4,0.2,29,48,19,4,63
2425,Chelsea,Enzo Fernández,ARG,MF,23-303,2001,6.8,308,385,80.0,5520,1525,138,153,90.2,129,157,82.2,34,53,64.2,1,1.2,0.8,-0.2,12,38,6,1,35
2425,Chelsea,Jadon Sancho,ENG,FW,24-235,2000,3.4,107,132,81.1,1463,319,67,77,87.0,34,40,85.0,2,5,40.0,3,1.1,0.9,1.9,8,2,9,0,17
2425,Chelsea,João Félix,POR,"MF,FW",25-005,1999,1.4,59,72,81.9,854,228,36,41,87.8,18,21,85.7,3,5,60.0,0,0.0,0.1,0.0,1,12,3,0,8
2425,Chelsea,Kiernan Dewsbury-Hall,ENG,MF,26-070,1998,0.5,29,37,78.4,417,50,19,23,82.6,9,11,81.8,1,3,33.3,0,0.1,0.0,-0.1,1,3,0,0,2
2425,Chelsea,Levi Colwill,ENG,DF,21-263,2003,11.0,688,772,89.1,12829,5335,239,255,93.7,395,417,94.7,49,77,63.6,0,0.6,0.8,-0.6,3,43,1,0,40
2425,Chelsea,Malo Gusto,FRA,DF,21-180,2003,8.1,375,446,84.1,6244,1515,186,197,94.4,155,185,83.8,27,40,67.5,0,0.2,0.4,-0.2,5,31,6,1,40
2425,Chelsea,Marc Cucurella,ESP,DF,26-116,1998,8.2,392,441,88.9,6103,1716,198,213,93.0,169,188,89.9,15,26,57.7,0,0.2,0.7,-0.2,2,32,1,0,23
2425,Chelsea,Marc Guiu,ESP,FW,18-316,2006,0.3,3,4,75.0,32,0,3,3,100.0,0,1,0.0,0,0,,0,0.0,0.0,0.0,0,0,0,0,0
2425,Chelsea,Moisés Caicedo,ECU,MF,23-013,2001,10.8,519,591,87.8,8729,2469,238,259,91.9,225,249,90.4,40,54,74.1,2,1.6,1.2,0.4,9,61,12,2,54
2425,Chelsea,Mykhailo Mudryk,UKR,FW,23-315,2001,1.7,28,42,66.7,431,165,17,24,70.8,10,15,66.7,1,2,50.0,0,1.0,0.5,-1.0,2,2,2,1,5
2425,Chelsea,Nicolas Jackson,SEN,FW,23-148,2001,9.6,116,157,73.9,1563,363,65,85,76.5,39,50,78.0,3,6,50.0,3,1.4,0.4,1.6,12,10,2,0,15
2425,Chelsea,Noni Madueke,ENG,FW,22-250,2002,8.4,180,229,78.6,2620,654,112,129,86.8,51,65,78.5,8,11,72.7,0,1.6,1.2,-1.6,10,4,13,3,27
2425,Chelsea,Pedro Neto,POR,FW,24-251,2000,6.2,182,225,80.9,2716,542,93,99,93.9,69,83,83.1,10,20,50.0,2,2.2,1.5,-0.2,14,3,10,8,9
2425,Chelsea,Reece James,ENG,DF,24-343,1999,2.7,183,221,82.8,3278,1081,86,91,94.5,79,91,86.8,15,35,42.9,0,0.0,0.2,0.0,0,17,1,0,8
2425,Chelsea,Renato Veiga,POR,"DF,MF",21-109,2003,1.9,111,130,85.4,2038,435,41,47,87.2,53,59,89.8,12,18,66.7,0,0.0,0.2,0.0,0,6,1,0,7
2425,Chelsea,Robert Sánchez,ESP,GK,26-363,1997,11.0,351,458,76.6,7901,5221,87,88,98.9,201,208,96.6,61,158,38.6,0,0.0,0.0,0.0,0,6,1,0,1
2425,Chelsea,Roméo Lavia,BEL,MF,20-314,2004,3.7,166,179,92.7,2863,688,79,88,89.8,77,78,98.7,8,10,80.0,1,0.6,0.2,0.4,5,19,3,0,11
2425,Chelsea,Tosin Adarabioyo,ENG,DF,27-052,1997,1.9,138,151,91.4,2275,809,61,63,96.8,73,75,97.3,3,10,30.0,0,0.0,0.0,0.0,1,1,0,0,2
2425,Chelsea,Wesley Fofana,FRA,DF,23-334,2000,9.6,514,577,89.1,8799,2454,210,227,92.5,279,302,92.4,20,33,60.6,0,0.4,0.2,-0.4,5,33,1,0,18
2425,Crystal Palace,Adam Wharton,ENG,MF,20-166,2004,6.9,285,362,78.7,5362,1871,108,125,86.4,138,160,86.3,34,59,57.6,0,0.6,0.6,-0.6,8,39,11,2,61
2425,Crystal Palace,Asher Agbinone,ENG,MF,19-048,2005,0.1,2,3,66.7,32,0,1,1,100.0,1,2,50.0,0,0,,0,0.0,0.0,0.0,1,0,0,0,0
2425,Crystal Palace,Caleb Kporha,ENG,DF,18-123,2006,0.0,3,5,60.0,53,19,2,2,100.0,0,2,0.0,1,1,100.0,0,0.0,0.0,0.0,0,0,1,1,0
2425,Crystal Palace,Chadi Riad,MAR,DF,21-151,2003,1.0,70,82,85.4,1411,568,24,28,85.7,38,41,92.7,8,13,61.5,0,0.0,0.0,0.0,0,8,1,0,7
2425,Crystal Palace,Cheick Doucouré,MLI,MF,24-312,2000,1.5,61,66,92.4,1001,267,27,27,100.0,25,25,100.0,6,8,75.0,0,0.0,0.0,0.0,0,5,0,0,7
2425,Crystal Palace,Chris Richards,USA,DF,24-232,2000,3.8,127,152,83.6,2084,725,62,67,92.5,54,58,93.1,9,20,45.0,0,0.0,0.0,0.0,0,2,0,0,5
2425,Crystal Palace,Daichi Kamada,JPN,MF,28-102,1996,6.9,244,308,79.2,4074,1161,124,142,87.3,98,119,82.4,18,28,64.3,0,0.6,0.5,-0.6,12,27,6,1,39
2425,Crystal Palace,Daniel Muñoz,COL,"DF,MF",28-173,1996,10.0,350,465,75.3,5316,1410,197,239,82.4,133,165,80.6,13,33,39.4,1,1.5,0.6,-0.5,11,19,5,4,26
2425,Crystal Palace,Dean Henderson,ENG,GK,27-248,1997,11.0,212,333,63.7,5108,3334,61,61,100.0,104,104,100.0,43,163,26.4,0,0.0,0.0,0.0,0,1,0,0,0
2425,Crystal Palace,Eberechi Eze,ENG,"MF,FW",26-139,1998,9.0,283,375,75.5,4890,1350,136,161,84.5,113,135,83.7,28,50,56.0,1,1.0,1.4,0.0,16,23,15,1,45
2425,Crystal Palace,Eddie Nketiah,ENG,"MF,FW",25-169,1999,5.4,88,122,72.1,1341,265,44,58,75.9,37,45,82.2,4,6,66.7,0,0.7,0.4,-0.7,7,6,1,0,8
2425,Crystal Palace,Ismaila Sarr,SEN,"MF,FW",26-264,1998,5.4,98,146,67.1,1479,362,48,60,80.0,44,62,71.0,3,8,37.5,0,1.5,1.3,-1.5,9,4,7,3,9
2425,Crystal Palace,Jean-Philippe Mateta,FRA,FW,27-140,1997,8.4,83,127,65.4,1090,281,53,68,77.9,22,35,62.9,2,7,28.6,0,0.8,0.4,-0.8,9,7,4,0,15
2425,Crystal Palace,Jefferson Lerma,COL,"MF,DF",30-021,1994,4.6,192,246,78.0,3421,1152,89,99,89.9,84,104,80.8,17,35,48.6,0,0.8,0.4,-0.8,4,21,2,0,26
2425,Crystal Palace,Jeffrey Schlupp,GHA,"MF,DF",31-328,1992,0.8,33,41,80.5,505,117,14,16,87.5,15,19,78.9,2,4,50.0,0,0.1,0.1,-0.1,2,3,1,0,3
2425,Crystal Palace,Joachim Andersen,DEN,DF,28-168,1996,1.0,61,83,73.5,1227,526,19,21,90.5,31,37,83.8,9,21,42.9,0,0.0,0.0,0.0,0,9,1,0,4
2425,Crystal Palace,Jordan Ayew,GHA,"FW,MF",33-065,1991,0.2,8,10,80.0,167,4,3,3,100.0,4,6,66.7,1,1,100.0,0,0.0,0.0,0.0,1,0,0,0,0
2425,Crystal Palace,Justin Devenny,NIR,MF,21-035,2003,0.8,20,26,76.9,374,75,8,9,88.9,11,13,84.6,1,3,33.3,0,0.2,0.1,-0.2,2,1,1,0,2
2425,Crystal Palace,Marc Guéhi,ENG,DF,24-125,2000,11.0,513,603,85.1,10692,4510,148,167,88.6,293,320,91.6,69,107,64.5,0,0.1,0.2,-0.1,4,43,3,0,47
2425,Crystal Palace,Maxence Lacroix,FRA,DF,24-223,2000,8.0,297,376,79.0,6216,2720,94,115,81.7,157,178,88.2,44,73,60.3,1,0.3,0.4,0.7,3,31,0,0,18
2425,Crystal Palace,Nathaniel Clyne,ENG,"DF,MF",33-224,1991,3.3,90,122,73.8,1732,714,35,45,77.8,44,49,89.8,10,20,50.0,0,0.0,0.0,0.0,0,9,0,0,6
2425,Crystal Palace,Odsonne Édouard,FRA,"MF,FW",26-304,1998,1.3,17,28,60.7,230,46,11,16,68.8,4,7,57.1,1,1,100.0,0,0.0,0.0,0.0,1,2,0,0,4
2425,Crystal Palace,Trevoh Chalobah,ENG,DF,25-133,1999,5.0,132,172,76.7,2636,937,50,54,92.6,64,82,78.0,17,32,53.1,0,0.3,0.1,-0.3,3,16,1,1,12
2425,Crystal Palace,Tyrick Mitchell,ENG,"DF,MF",25-075,1999,10.4,344,478,72.0,5476,2177,182,216,84.3,135,186,72.6,19,46,41.3,1,1.8,1.2,-0.8,12,25,12,7,27
2425,Crystal Palace,Will Hughes,ENG,MF,29-212,1995,5.1,174,232,75.0,2678,945,85,97,87.6,74,84,88.1,6,27,22.2,0,0.2,0.4,-0.2,9,19,4,1,26
2425,Everton,Abdoulaye Doucouré,MLI,MF,31-319,1993,7.2,219,266,82.3,3632,681,101,116,87.1,88,102,86.3,21,26,80.8,0,0.3,0.2,-0.3,9,15,5,0,24
2425,Everton,Ashley Young,ENG,DF,39-129,1985,8.7,326,446,73.1,5914,2814,161,185,87.0,125,161,77.6,37,83,44.6,3,0.9,1.1,2.1,13,43,8,4,53
2425,Everton,Beto,GNB,FW,26-289,1998,1.1,4,13,30.8,108,0,1,3,33.3,1,7,14.3,2,2,100.0,0,0.0,0.0,0.0,0,0,0,0,1
2425,Everton,Dominic Calvert-Lewin,ENG,FW,27-244,1997,10.0,90,153,58.8,1083,326,67,100,67.0,16,31,51.6,3,6,50.0,1,0.4,0.5,0.6,5,11,4,1,11
2425,Everton,Dwight McNeil,ENG,"MF,FW",24-359,1999,9.9,270,371,72.8,5229,1920,116,135,85.9,100,126,79.4,48,86,55.8,3,2.9,3.5,0.1,26,20,25,6,45
2425,Everton,Harrison Armstrong,ENG,MF,17-301,2007,0.0,1,4,25.0,23,0,0,0,,1,2,50.0,0,1,0.0,0,0.0,0.0,0.0,0,0,0,0,0
2425,Everton,Idrissa Gana Gueye,SEN,MF,35-050,1989,8.2,283,333,85.0,4662,1174,143,157,91.1,118,133,88.7,19,28,67.9,0,0.4,0.5,-0.4,4,33,4,1,37
2425,Everton,Iliman Ndiaye,SEN,FW,24-254,2000,9.0,192,237,81.0,2888,563,112,131,85.5,61,71,85.9,12,15,80.0,0,0.4,0.4,-0.4,5,9,9,3,18
2425,Everton,Jack Harrison,ENG,FW,27-361,1996,7.0,119,177,67.2,1547,513,80,97,82.5,28,43,65.1,3,15,20.0,0,1.5,0.8,-1.5,9,11,7,1,13
2425,Everton,Jake O'Brien,IRL,DF,23-184,2001,0.3,12,15,80.0,147,77,10,11,90.9,1,1,100.0,1,3,33.3,0,0.0,0.0,0.0,0,1,0,0,1
2425,Everton,James Garner,ENG,"DF,MF",23-247,2001,2.8,68,102,66.7,1083,598,31,38,81.6,31,42,73.8,5,11,45.5,0,0.0,0.1,0.0,1,6,1,1,3
2425,Everton,James Tarkowski,ENG,DF,31-362,1992,11.0,332,417,79.6,6931,2761,107,122,87.7,171,189,90.5,51,87,58.6,0,1.2,0.9,-1.2,6,20,3,0,17
2425,Everton,Jarrad Branthwaite,ENG,DF,22-141,2002,2.1,66,84,78.6,1343,478,24,31,77.4,31,36,86.1,9,11,81.8,0,0.0,0.0,0.0,0,4,0,0,2
2425,Everton,Jesper Lindstrøm,DEN,FW,24-260,2000,3.9,89,134,66.4,1449,461,56,65,86.2,20,35,57.1,10,20,50.0,0,0.7,0.7,-0.7,7,4,2,2,4
2425,Everton,Jordan Pickford,ENG,GK,30-253,1994,11.0,267,430,62.1,9567,7710,31,31,100.0,96,98,98.0,140,296,47.3,0,0.0,0.1,0.0,0,23,3,0,0
2425,Everton,Mason Holgate,ENG,"FW,DF",28-024,1996,0.1,2,2,100.0,55,0,0,0,,1,1,100.0,1,1,100.0,0,0.0,0.0,0.0,0,0,0,0,0
2425,Everton,Michael Keane,ENG,DF,31-309,1993,9.0,253,308,82.1,5832,1865,74,83,89.2,119,131,90.8,58,77,75.3,0,0.1,0.0,-0.1,2,17,0,0,12
2425,Everton,Orel Mangala,BEL,MF,26-242,1998,5.1,170,192,88.5,2698,731,79,88,89.8,82,89,92.1,5,6,83.3,0,0.4,0.5,-0.4,3,19,3,0,17
2425,Everton,Roman Dixon,ENG,DF,19-325,2004,1.0,11,19,57.9,205,111,6,8,75.0,4,8,50.0,1,3,33.3,0,0.0,0.0,0.0,0,3,0,0,0
2425,Everton,Séamus Coleman,IRL,DF,36-035,1988,1.0,32,43,74.4,535,247,17,19,89.5,13,18,72.2,2,6,33.3,0,0.0,0.0,0.0,0,3,0,0,6
2425,Everton,Tim Iroegbunam,ENG,MF,21-138,2003,4.3,70,99,70.7,1194,446,33,45,73.3,24,31,77.4,10,13,76.9,0,0.1,0.1,-0.1,2,8,1,0,10
2425,Everton,Vitaliy Mykolenko,UKR,DF,25-170,1999,8.3,258,344,75.0,4167,1536,128,143,89.5,108,144,75.0,15,41,36.6,0,0.3,0.3,-0.3,5,25,6,4,28
2425,Fulham,Adama Traoré,ESP,"FW,MF",28-295,1996,8.0,178,245,72.7,2536,570,103,127,81.1,53,74,71.6,10,18,55.6,3,2.2,2.0,0.8,17,13,13,6,26
2425,Fulham,Alex Iwobi,NGA,FW,28-196,1996,10.5,373,487,76.6,6316,2001,202,220,91.8,135,176,76.7,33,58,56.9,2,3.2,2.9,-1.2,22,40,31,4,73
2425,Fulham,Andreas Pereira,BRA,MF,28-319,1996,9.3,317,454,69.8,5721,1969,146,175,83.4,117,150,78.0,45,106,42.5,0,1.8,2.3,-1.8,30,30,11,2,52
2425,Fulham,Antonee Robinson,USA,DF,27-099,1997,11.0,477,608,78.5,8635,3186,204,235,86.8,223,267,83.5,46,75,61.3,3,0.9,1.1,2.1,10,41,18,10,36
2425,Fulham,Bernd Leno,GER,GK,32-256,1992,11.0,360,433,83.1,8288,4566,62,63,98.4,248,249,99.6,48,119,40.3,1,0.1,0.0,0.9,1,4,1,0,0
2425,Fulham,Calvin Bassey,NGA,DF,24-320,1999,11.0,615,688,89.4,11429,3936,230,242,95.0,316,337,93.8,57,85,67.1,0,0.0,0.1,0.0,0,38,0,0,30
2425,Fulham,Emile Smith Rowe,ENG,MF,24-110,2000,8.8,397,440,90.2,5720,1161,230,248,92.7,151,158,95.6,10,14,71.4,2,0.8,1.2,1.2,14,41,5,0,59
2425,Fulham,Harrison Reed,ENG,MF,29-293,1995,0.7,28,39,71.8,418,111,16,18,88.9,9,11,81.8,2,4,50.0,0,0.1,0.1,-0.1,1,0,1,0,3
2425,Fulham,Harry Wilson,WAL,"FW,MF",27-238,1997,0.9,36,47,76.6,545,123,20,22,90.9,14,17,82.4,1,4,25.0,0,0.0,0.1,0.0,0,3,2,0,5
2425,Fulham,Issa Diop,FRA,DF,27-311,1997,4.4,210,244,86.1,4230,1618,59,66,89.4,128,139,92.1,22,37,59.5,0,0.1,0.0,-0.1,2,14,1,0,12
2425,Fulham,Jay Stansfield,ENG,MF,21-357,2002,0.0,0,0,,0,0,0,0,,0,0,,0,0,,0,0.0,0.0,0.0,0,0,0,0,0
2425,Fulham,Joachim Andersen,DEN,DF,28-168,1996,6.7,408,491,83.1,8609,3371,126,136,92.6,215,229,93.9,64,117,54.7,0,0.2,0.1,-0.2,1,51,1,0,27
2425,Fulham,Jorge Cuenca,ESP,DF,24-364,1999,0.0,1,2,50.0,21,17,0,1,0.0,1,1,100.0,0,0,,0,0.0,0.0,0.0,0,0,0,0,1
2425,Fulham,Kenny Tete,NED,DF,29-037,1995,10.6,457,559,81.8,7313,2286,237,258,91.9,170,210,81.0,35,57,61.4,0,0.3,0.2,-0.3,2,44,5,3,31
2425,Fulham,Raúl Jiménez,MEX,FW,33-194,1991,7.4,110,154,71.4,1663,453,58,72,80.6,34,45,75.6,9,13,69.2,2,2.2,1.3,-0.2,9,12,2,0,17
2425,Fulham,Reiss Nelson,ENG,FW,24-341,1999,3.2,139,164,84.8,2158,444,75,85,88.2,54,64,84.4,6,8,75.0,1,0.7,0.6,0.3,10,4,8,1,19
2425,Fulham,Rodrigo Muniz,BRA,FW,23-195,2001,3.6,26,35,74.3,466,158,13,17,76.5,8,11,72.7,5,5,100.0,1,0.5,0.0,0.5,5,5,1,0,8
2425,Fulham,Sander Berge,NOR,MF,26-275,1998,5.8,275,305,90.2,4843,1209,111,131,84.7,139,145,95.9,21,22,95.5,0,0.3,0.2,-0.3,9,34,0,0,27
2425,Fulham,Saša Lukić,SRB,MF,28-094,1996,6.1,280,307,91.2,4442,1127,137,146,93.8,118,127,92.9,18,19,94.7,0,0.3,0.2,-0.3,3,27,4,1,28
2425,Fulham,Timothy Castagne,BEL,DF,28-346,1995,0.4,21,27,77.8,293,67,14,17,82.4,7,9,77.8,0,1,0.0,0,0.0,0.0,0.0,0,1,0,0,1
2425,Fulham,Tom Cairney,SCO,MF,33-300,1991,1.4,124,134,92.5,1929,490,68,70,97.1,46,46,100.0,9,12,75.0,0,0.5,0.6,-0.5,4,14,3,2,16
2425,Ipswich Town,Ali Al Hamadi,IRQ,FW,22-259,2002,0.4,3,4,75.0,36,0,3,4,75.0,0,0,,0,0,,0,0.0,0.0,0.0,1,0,0,0,0
2425,Ipswich Town,Arijanet Muric,KVX,GK,26-008,1998,10.0,233,335,69.6,5883,4158,67,67,100.0,110,114,96.5,56,153,36.6,0,0.0,0.0,0.0,0,5,0,0,0
2425,Ipswich Town,Axel Tuanzebe,COD,DF,27-001,1997,6.7,212,258,82.2,3313,1222,121,138,87.7,76,93,81.7,13,20,65.0,0,0.2,0.1,-0.2,3,16,0,0,16
2425,Ipswich Town,Ben Johnson,ENG,"DF,FW",24-296,2000,4.5,120,163,73.6,1853,836,69,83,83.1,45,52,86.5,6,16,37.5,1,0.4,0.2,0.6,3,7,1,1,12
2425,Ipswich Town,Cameron Burgess,AUS,DF,29-025,1995,4.0,154,199,77.4,2561,1193,65,73,89.0,73,84,86.9,11,35,31.4,0,0.0,0.1,0.0,1,13,1,0,15
2425,Ipswich Town,Chiedozie Ogbene,IRL,FW,27-198,1997,2.6,32,43,74.4,415,27,20,24,83.3,8,10,80.0,1,1,100.0,0,0.1,0.0,-0.1,2,0,0,0,0
2425,Ipswich Town,Christian Walton,ENG,GK,29-006,1995,1.0,33,42,78.6,769,575,16,16,100.0,10,10,100.0,7,16,43.8,0,0.0,0.0,0.0,0,0,0,0,0
2425,Ipswich Town,Conor Chaplin,ENG,"MF,FW",27-273,1997,3.1,77,105,73.3,1192,319,40,47,85.1,32,40,80.0,3,9,33.3,1,0.4,0.2,0.6,3,8,5,1,13
2425,Ipswich Town,Conor Townsend,ENG,MF,31-256,1993,0.0,0,0,,0,0,0,0,,0,0,,0,0,,0,0.0,0.0,0.0,1,0,0,0,0
2425,Ipswich Town,Dara O'Shea,IRL,DF,25-256,1999,7.7,269,350,76.9,5263,2348,100,109,91.7,139,167,83.2,28,65,43.1,0,0.0,0.0,0.0,0,26,1,0,20
2425,Ipswich Town,George Edmundson,ENG,DF,27-076,1997,0.0,1,2,50.0,9,0,1,1,100.0,0,0,,0,0,,0,0.0,0.0,0.0,0,0,0,0,0
2425,Ipswich Town,George Hirst,ENG,FW,25-274,1999,2.0,22,42,52.4,236,94,16,25,64.0,4,10,40.0,0,0,,1,0.3,0.1,0.7,3,0,3,0,7
2425,Ipswich Town,Harry Clarke,ENG,DF,23-258,2001,1.1,42,53,79.2,784,323,20,21,95.2,14,20,70.0,6,9,66.7,0,0.0,0.0,0.0,0,8,1,0,6
2425,Ipswich Town,Jack Clarke,ENG,FW,23-358,2000,4.0,78,110,70.9,1203,325,46,51,90.2,26,30,86.7,4,12,33.3,1,0.8,0.4,0.2,5,3,3,0,8
2425,Ipswich Town,Jack Taylor,IRL,MF,26-145,1998,1.5,75,90,83.3,1335,467,35,41,85.4,32,36,88.9,7,10,70.0,0,0.0,0.1,0.0,0,10,2,0,12
2425,Ipswich Town,Jacob Greaves,ENG,DF,24-064,2000,7.0,277,312,88.8,4414,1646,144,154,93.5,122,129,94.6,9,23,39.1,0,0.0,0.0,0.0,0,16,0,0,14
2425,Ipswich Town,Jens Cajuste,SWE,MF,25-097,1999,3.0,69,91,75.8,1157,210,28,35,80.0,36,44,81.8,3,8,37.5,0,0.1,0.1,-0.1,2,7,2,0,5
2425,Ipswich Town,Kalvin Phillips,ENG,MF,28-349,1995,6.0,211,269,78.4,4002,1132,91,105,86.7,86,106,81.1,32,51,62.7,0,0.1,0.2,-0.1,2,29,4,1,27
2425,Ipswich Town,Leif Davis,ENG,DF,24-308,2000,11.0,337,462,72.9,5902,2410,153,172,89.0,145,178,81.5,34,88,38.6,2,2.1,2.1,-0.1,27,18,9,3,25
2425,Ipswich Town,Liam Delap,ENG,FW,21-281,2003,8.6,50,83,60.2,834,242,22,33,66.7,23,35,65.7,2,5,40.0,1,0.6,0.1,0.4,8,5,4,0,9
2425,Ipswich Town,Luke Woolfenden,ENG,DF,26-025,1998,4.2,190,216,88.0,3281,1162,82,86,95.3,95,100,95.0,11,25,44.0,0,0.0,0.0,0.0,0,12,0,0,9
2425,Ipswich Town,Marcus Harness,ENG,MF,28-265,1996,0.5,10,16,62.5,89,23,9,11,81.8,0,1,0.0,0,1,0.0,0,0.0,0.1,0.0,0,0,2,0,2
2425,Ipswich Town,Massimo Luongo,AUS,MF,32-051,1992,1.6,32,45,71.1,454,120,19,22,86.4,9,14,64.3,2,5,40.0,0,0.0,0.0,0.0,0,1,0,0,4
2425,Ipswich Town,Omari Hutchinson,ENG,"MF,FW",21-016,2003,9.7,211,279,75.6,3175,587,116,129,89.9,74,96,77.1,15,21,71.4,1,1.3,1.0,-0.3,10,15,7,3,25
2425,Ipswich Town,Sam Morsy,EGY,MF,33-066,1991,9.9,448,502,89.2,7140,1945,238,253,94.1,167,181,92.3,30,40,75.0,1,0.3,0.7,0.7,7,55,7,2,45
2425,Ipswich Town,Sammie Szmodics,IRL,"FW,MF",29-052,1995,6.0,76,104,73.1,1270,332,36,42,85.7,31,40,77.5,7,14,50.0,0,0.1,0.1,-0.1,3,5,3,1,11
2425,Ipswich Town,Wes Burns,WAL,FW,29-358,1994,4.5,74,109,67.9,1230,282,40,47,85.1,22,34,64.7,9,15,60.0,0,1.0,0.6,-1.0,4,2,4,3,2
2425,Leicester City,Abdul Fatawu Issahaku,GHA,FW,20-252,2004,6.4,123,197,62.4,2150,601,59,81,72.8,45,59,76.3,16,33,48.5,2,1.6,1.4,0.4,6,7,7,2,17
2425,Leicester City,Bilal El Khannouss,MAR,"MF,FW",20-189,2004,2.2,95,117,81.2,1435,379,56,59,94.9,23,29,79.3,10,18,55.6,0,0.6,0.3,-0.6,5,11,4,0,16
2425,Leicester City,Bobby Reid,JAM,FW,31-287,1993,1.8,39,54,72.2,528,159,24,29,82.8,12,15,80.0,1,3,33.3,0,0.1,0.1,-0.1,1,1,1,0,3
2425,Leicester City,Boubakary Soumaré,FRA,MF,25-262,1999,1.6,86,98,87.8,1239,417,45,49,91.8,38,40,95.0,0,3,0.0,0,0.0,0.3,0.0,1,8,1,0,9
2425,Leicester City,Caleb Okoli,ITA,DF,23-125,2001,7.0,332,372,89.2,5826,2463,146,157,93.0,155,167,92.8,26,41,63.4,0,0.0,0.0,0.0,0,13,0,0,20
2425,Leicester City,Conor Coady,ENG,DF,31-264,1993,0.1,1,2,50.0,24,0,0,0,,1,2,50.0,0,0,,0,0.0,0.0,0.0,0,0,0,0,0
2425,Leicester City,Facundo Buonanotte,ARG,"MF,FW",19-328,2004,8.1,229,293,78.2,3671,907,123,145,84.8,78,90,86.7,20,36,55.6,2,2.2,1.3,-0.2,17,21,10,1,28
2425,Leicester City,Hamza Choudhury,ENG,MF,27-045,1997,0.2,0,3,0.0,0,0,0,1,0.0,0,1,0.0,0,0,,0,0.0,0.0,0.0,0,0,0,0,0
2425,Leicester City,Harry Winks,ENG,MF,28-287,1996,9.5,482,557,86.5,7597,3066,243,262,92.7,191,210,91.0,29,51,56.9,2,1.0,1.2,1.0,13,60,3,2,59
2425,Leicester City,James Justin,ENG,DF,26-266,1998,9.9,393,487,80.7,5880,1884,215,246,87.4,157,177,88.7,11,41,26.8,1,0.3,0.2,0.7,4,35,5,3,26
2425,Leicester City,Jamie Vardy,ENG,FW,37-309,1987,9.4,72,115,62.6,1022,102,41,57,71.9,20,27,74.1,5,5,100.0,1,0.6,0.6,0.4,7,3,4,1,8
2425,Leicester City,Jannik Vestergaard,DEN,DF,32-104,1992,4.0,203,224,90.6,3580,1452,79,84,94.0,109,117,93.2,12,19,63.2,0,0.0,0.0,0.0,1,13,0,0,10
2425,Leicester City,Jordan Ayew,GHA,"FW,MF",33-065,1991,5.5,106,137,77.4,1485,282,61,68,89.7,38,51,74.5,3,9,33.3,0,0.1,0.2,-0.1,3,6,3,2,11
2425,Leicester City,Kasey McAteer,IRL,"FW,DF",22-359,2001,0.4,24,33,72.7,312,47,15,20,75.0,7,8,87.5,0,1,0.0,0,0.0,0.0,0.0,0,1,0,0,0
2425,Leicester City,Mads Hermansen,DEN,GK,24-127,2000,11.0,274,398,68.8,7239,5390,70,71,98.6,116,122,95.1,88,202,43.6,0,0.0,0.0,0.0,0,9,0,0,0
2425,Leicester City,Odsonne Édouard,FRA,FW,26-304,1998,0.3,6,8,75.0,59,5,3,4,75.0,1,1,100.0,0,0,,0,0.0,0.0,0.0,1,0,0,0,1
2425,Leicester City,Oliver Skipp,ENG,MF,24-060,2000,4.5,142,162,87.7,2110,621,75,83,90.4,50,53,94.3,9,13,69.2,0,0.1,0.2,-0.1,3,12,4,0,13
2425,Leicester City,Ricardo Pereira,POR,DF,31-040,1993,1.6,76,88,86.4,1120,367,47,52,90.4,23,29,79.3,4,4,100.0,0,0.0,0.0,0.0,0,8,0,0,5
2425,Leicester City,Stephy Mavididi,ENG,FW,26-168,1998,6.8,156,214,72.9,2334,605,77,85,90.6,53,78,67.9,9,17,52.9,0,0.8,1.6,-0.8,10,11,12,1,25
2425,Leicester City,Victor Bernth Kristiansen,DEN,DF,21-335,2002,9.5,383,493,77.7,6402,2483,181,206,87.9,155,192,80.7,34,70,48.6,0,0.4,0.5,-0.4,8,29,10,7,26
2425,Leicester City,Wilfred Ndidi,NGA,MF,27-335,1996,10.2,329,415,79.3,4597,1226,190,217,87.6,95,115,82.6,18,34,52.9,4,1.4,1.1,2.6,9,30,5,1,34
2425,Leicester City,Wout Faes,BEL,DF,26-226,1998,11.0,475,548,86.7,8931,3241,189,202,93.6,237,249,95.2,48,85,56.5,0,0.0,0.2,0.0,1,41,4,0,42
2425,Liverpool,Alexis Mac Allister,ARG,MF,25-327,1998,8.6,399,461,86.6,6196,1697,207,232,89.2,153,167,91.6,23,30,76.7,0,1.1,1.3,-1.1,10,38,10,1,47
2425,Liverpool,Alisson,BRA,GK,32-044,1992,5.9,180,216,83.3,3601,2019,62,62,100.0,97,99,98.0,20,53,37.7,0,0.0,0.0,0.0,0,2,0,0,0
2425,Liverpool,Andrew Robertson,SCO,DF,30-249,1994,8.4,494,595,83.0,8394,2533,232,245,94.7,221,251,88.0,33,78,42.3,0,1.8,1.3,-1.8,12,33,8,4,42
2425,Liverpool,Caoimhín Kelleher,IRL,GK,25-358,1998,5.0,140,186,75.3,3057,1867,44,44,100.0,76,76,100.0,20,65,30.8,0,0.0,0.0,0.0,0,3,0,0,0
2425,Liverpool,Cody Gakpo,NED,FW,25-192,1999,4.7,124,162,76.5,1819,438,69,79,87.3,44,61,72.1,5,11,45.5,1,1.0,0.7,0.0,10,8,6,1,13
2425,Liverpool,Conor Bradley,NIR,DF,21-129,2003,1.6,122,139,87.8,1857,475,67,69,97.1,49,54,90.7,3,11,27.3,0,0.0,0.2,0.0,0,5,0,0,9
2425,Liverpool,Curtis Jones,ENG,MF,23-290,2001,4.6,202,218,92.7,3081,648,111,113,98.2,79,86,91.9,9,12,75.0,1,0.2,0.1,0.8,5,14,4,0,23
2425,Liverpool,Darwin Núñez,URU,FW,25-144,1999,4.7,61,82,74.4,909,237,34,40,85.0,18,24,75.0,5,6,83.3,1,0.5,0.2,0.5,3,4,0,0,9
2425,Liverpool,Diogo Jota,POR,FW,27-347,1996,5.5,73,109,67.0,1052,249,37,53,69.8,24,30,80.0,5,8,62.5,2,0.8,0.3,1.2,3,6,2,1,6
2425,Liverpool,Dominik Szoboszlai,HUN,MF,24-021,2000,8.3,364,423,86.1,5448,1079,220,243,90.5,107,123,87.0,25,35,71.4,1,1.2,1.0,-0.2,14,29,9,1,34
2425,Liverpool,Federico Chiesa,ITA,FW,27-021,1997,0.2,7,8,87.5,67,12,5,6,83.3,1,1,100.0,0,0,,0,0.0,0.1,0.0,0,1,0,0,0
2425,Liverpool,Harvey Elliott,ENG,FW,21-225,2003,0.1,12,14,85.7,156,10,10,10,100.0,2,2,100.0,0,0,,0,0.0,0.0,0.0,0,0,0,0,0
2425,Liverpool,Ibrahima Konaté,FRA,DF,25-174,1999,9.8,612,671,91.2,11009,4144,228,241,94.6,355,369,96.2,25,52,48.1,1,0.2,0.1,0.8,3,38,4,0,30
2425,Liverpool,Jarell Quansah,ENG,DF,21-291,2003,0.5,25,28,89.3,457,168,8,9,88.9,15,16,93.8,2,3,66.7,0,0.0,0.0,0.0,0,0,0,0,0
2425,Liverpool,Joe Gomez,ENG,DF,27-176,1997,0.6,27,35,77.1,495,98,11,15,73.3,12,13,92.3,4,7,57.1,0,0.0,0.0,0.0,0,0,0,0,0
2425,Liverpool,Kostas Tsimikas,GRE,DF,28-187,1996,2.6,180,209,86.1,3020,1117,87,90,96.7,73,82,89.0,14,28,50.0,0,0.5,0.6,-0.5,3,19,2,0,28
2425,Liverpool,Luis Díaz,COL,FW,27-307,1997,7.2,210,246,85.4,3181,677,122,140,87.1,62,71,87.3,16,19,84.2,2,1.5,1.3,0.5,15,14,10,1,21
2425,Liverpool,Mohamed Salah,EGY,FW,32-153,1992,10.7,248,346,71.7,3891,1064,138,169,81.7,84,114,73.7,20,37,54.1,6,3.7,2.1,2.3,21,20,21,4,41
2425,Liverpool,Ryan Gravenberch,NED,MF,22-183,2002,11.0,587,662,88.7,8813,2440,327,354,92.4,224,247,90.7,21,36,58.3,0,0.4,1.2,-0.4,4,56,10,0,61
2425,Liverpool,Trent Alexander-Arnold,ENG,DF,26-039,1998,9.6,429,614,69.9,8149,3196,198,229,86.5,164,225,72.9,62,141,44.0,1,2.5,3.0,-1.5,19,40,18,5,54
2425,Liverpool,Virgil van Dijk,NED,DF,33-130,1991,11.0,844,924,91.3,15116,6813,371,387,95.9,397,414,95.9,67,100,67.0,1,0.3,0.2,0.7,5,61,2,0,44
2425,Liverpool,Vitezslav Jaros,CZE,GK,23-115,2001,0.1,6,8,75.0,302,273,0,0,,1,1,100.0,5,7,71.4,0,0.0,0.0,0.0,0,2,0,0,0
2425,Liverpool,Wataru Endo,JPN,MF,31-280,1993,0.2,17,18,94.4,237,30,9,9,100.0,7,8,87.5,0,0,,0,0.0,0.0,0.0,1,0,0,0,1
2425,Manchester City,Bernardo Silva,POR,"MF,FW",30-097,1994,9.3,458,530,86.4,6613,1076,263,287,91.6,163,185,88.1,17,27,63.0,3,2.5,1.8,0.5,23,20,11,1,46
2425,Manchester City,Ederson,BRA,GK,31-090,1993,11.0,351,405,86.7,8501,5565,69,69,100.0,203,209,97.1,78,125,62.4,1,0.4,0.0,0.6,1,9,1,0,1
2425,Manchester City,Erling Haaland,NOR,FW,24-117,2000,11.0,71,110,64.5,854,126,48,71,67.6,18,25,72.0,1,2,50.0,0,0.5,0.4,-0.5,5,2,2,0,5
2425,Manchester City,Jack Grealish,ENG,"FW,MF",29-066,1995,3.8,172,202,85.1,2486,366,117,128,91.4,46,53,86.8,8,12,66.7,1,1.0,1.0,0.0,15,3,9,0,17
2425,Manchester City,Jahmai Simpson-Pusey,ENG,DF,19-011,2005,1.0,99,107,92.5,1594,477,44,46,95.7,53,55,96.4,2,6,33.3,0,0.0,0.0,0.0,0,3,0,0,3
2425,Manchester City,James Mcatee,ENG,FW,22-028,2002,0.0,4,4,100.0,45,18,3,3,100.0,1,1,100.0,0,0,,0,0.0,0.0,0.0,0,0,0,0,0
2425,Manchester City,Jeremy Doku,BEL,"FW,MF",22-172,2002,4.5,174,219,79.5,2415,413,116,134,86.6,52,64,81.3,4,5,80.0,1,1.2,1.1,-0.2,9,1,15,1,19
2425,Manchester City,John Stones,ENG,"DF,MF",30-171,1994,2.7,144,166,86.7,2386,509,72,81,88.9,59,67,88.1,10,12,83.3,0,0.0,0.1,0.0,0,17,0,0,10
2425,Manchester City,Joško Gvardiol,CRO,DF,22-297,2002,10.5,774,834,92.8,12058,2978,402,424,94.8,333,349,95.4,26,34,76.5,0,0.9,1.2,-0.9,10,80,9,0,107
2425,Manchester City,Kevin De Bruyne,BEL,MF,33-140,1991,4.1,273,343,79.6,4658,1442,151,171,88.3,90,116,77.6,30,40,75.0,1,1.7,2.2,-0.7,16,29,19,3,52
2425,Manchester City,Kyle Walker,ENG,DF,34-171,1990,5.2,379,430,88.1,6123,1900,196,207,94.7,152,167,91.0,24,41,58.5,0,0.4,1.0,-0.4,6,27,6,4,34
2425,Manchester City,Manuel Akanji,SUI,DF,29-119,1995,8.7,698,740,94.3,11219,2677,346,361,95.8,314,327,96.0,30,40,75.0,0,0.3,0.8,-0.3,6,76,10,2,67
2425,Manchester City,Mateo Kovačić,CRO,MF,30-193,1994,9.8,723,773,93.5,10880,2763,393,412,95.4,295,310,95.2,23,31,74.2,0,1.5,1.3,-1.5,14,71,13,0,59
2425,Manchester City,Matheus Nunes,POR,"MF,FW",26-080,1998,3.3,142,174,81.6,2162,404,84,96,87.5,47,57,82.5,9,14,64.3,2,1.5,1.2,0.5,9,3,13,3,18
2425,Manchester City,Nathan Aké,NED,DF,29-271,1995,0.8,80,83,96.4,1226,403,46,47,97.9,29,29,100.0,5,6,83.3,0,0.0,0.0,0.0,0,3,0,0,5
2425,Manchester City,Phil Foden,ENG,MF,24-171,2000,5.1,248,297,83.5,3738,980,157,175,89.7,65,72,90.3,20,35,57.1,1,2.2,2.8,-1.2,16,12,12,2,28
2425,Manchester City,Rico Lewis,ENG,"DF,MF",19-360,2004,8.6,427,468,91.2,5972,984,265,285,93.0,141,150,94.0,13,16,81.3,2,0.3,0.5,1.7,5,36,7,0,44
2425,Manchester City,Rodri,ESP,MF,28-146,1996,0.7,57,61,93.4,1056,250,25,26,96.2,24,27,88.9,7,7,100.0,0,0.0,0.1,0.0,1,3,1,0,4
2425,Manchester City,Rúben Dias,POR,DF,27-185,1997,8.1,739,788,93.8,12335,3827,326,339,96.2,358,376,95.2,40,52,76.9,0,0.1,0.7,-0.1,4,78,5,0,57
2425,Manchester City,Sávio,BRA,"FW,MF",20-219,2004,5.8,257,328,78.4,3539,698,174,194,89.7,66,89,74.2,9,22,40.9,2,3.1,2.7,-1.1,18,4,26,6,25
2425,Manchester City,İlkay Gündoğan,GER,MF,34-022,1990,7.0,391,453,86.3,5711,906,244,261,93.5,112,124,90.3,25,47,53.2,1,1.1,1.2,-0.1,15,20,10,1,39
2425,Manchester Utd,Alejandro Garnacho,ARG,FW,20-137,2004,7.9,190,247,76.9,2938,391,117,134,87.3,52,63,82.5,15,26,57.7,1,1.1,0.5,-0.1,10,6,5,1,13
2425,Manchester Utd,Amad Diallo,CIV,FW,22-127,2002,5.4,208,256,81.3,2929,615,123,142,86.6,60,69,87.0,14,22,63.6,2,1.2,1.0,0.8,14,6,15,1,24
2425,Manchester Utd,André Onana,CMR,GK,28-227,1996,11.0,357,466,76.6,8274,5719,104,105,99.0,178,179,99.4,73,178,41.0,0,0.2,0.2,-0.2,1,10,0,0,0
2425,Manchester Utd,Antony,BRA,FW,24-265,2000,0.3,5,9,55.6,56,0,5,7,71.4,0,1,0.0,0,0,,0,0.1,0.1,-0.1,1,0,0,0,0
2425,Manchester Utd,Bruno Fernandes,POR,"MF,FW",30-068,1994,10.3,450,602,74.8,7310,2539,237,274,86.5,154,196,78.6,42,89,47.2,3,3.0,2.0,0.0,22,56,16,4,84
2425,Manchester Utd,Casemiro,BRA,MF,32-266,1992,6.9,346,431,80.3,5852,1859,157,182,86.3,149,172,86.6,28,42,66.7,0,1.9,1.3,-1.9,13,38,10,3,39
2425,Manchester Utd,Christian Eriksen,DEN,MF,32-275,1992,4.9,253,303,83.5,4551,1451,132,138,95.7,88,105,83.8,29,53,54.7,0,1.7,1.1,-1.7,14,27,1,0,26
2425,Manchester Utd,Diogo Dalot,POR,DF,25-242,1999,10.6,508,603,84.2,8865,2947,227,255,89.0,224,251,89.2,47,74,63.5,1,1.1,1.1,-0.1,9,28,7,1,43
2425,Manchester Utd,Harry Maguire,ENG,DF,31-255,1993,2.7,153,177,86.4,2500,835,65,69,94.2,78,88,88.6,5,13,38.5,0,0.0,0.0,0.0,1,9,1,0,11
2425,Manchester Utd,Jonny Evans,NIR,DF,36-317,1988,2.6,127,144,88.2,1994,608,58,61,95.1,61,68,89.7,3,8,37.5,0,0.0,0.0,0.0,0,7,1,0,8
2425,Manchester Utd,Joshua Zirkzee,NED,FW,23-177,2001,4.8,94,127,74.0,1183,334,64,79,81.0,21,27,77.8,3,6,50.0,1,0.6,0.4,0.4,6,10,2,0,15
2425,Manchester Utd,Kobbie Mainoo,ENG,MF,19-210,2005,6.3,255,289,88.2,3476,1047,161,174,92.5,65,75,86.7,13,14,92.9,0,0.7,0.5,-0.7,3,28,4,0,24
2425,Manchester Utd,Lisandro Martínez,ARG,DF,26-302,1998,9.8,606,681,89.0,10224,3749,263,279,94.3,316,341,92.7,24,52,46.2,0,0.1,0.3,-0.1,3,42,3,0,58
2425,Manchester Utd,Manuel Ugarte Ribeiro,URU,MF,23-218,2001,3.1,120,134,89.6,1981,463,56,64,87.5,58,61,95.1,6,9,66.7,0,0.2,0.0,-0.2,1,13,0,0,10
2425,Manchester Utd,Marcus Rashford,ENG,FW,27-015,1997,8.4,205,279,73.5,2885,769,137,162,84.6,49,76,64.5,11,21,52.4,1,1.9,1.2,-0.9,11,12,14,7,18
2425,Manchester Utd,Mason Mount,ENG,"MF,FW",25-310,1999,1.6,32,44,72.7,408,109,20,24,83.3,10,14,71.4,0,3,0.0,0,0.1,0.0,-0.1,4,3,0,0,4
2425,Manchester Utd,Matthijs de Ligt,NED,DF,25-095,1999,8.5,424,464,91.4,7258,1785,163,175,93.1,242,249,97.2,15,33,45.5,0,0.1,0.0,-0.1,2,21,0,0,15
2425,Manchester Utd,Noussair Mazraoui,MAR,DF,27-001,1997,9.1,431,507,85.0,6455,2367,244,276,88.4,164,183,89.6,15,26,57.7,1,0.2,0.9,0.8,4,38,4,2,44
2425,Manchester Utd,Rasmus Højlund,DEN,FW,21-285,2003,4.6,60,74,81.1,607,121,42,50,84.0,5,8,62.5,3,3,100.0,0,0.3,0.1,-0.3,4,5,0,0,4
2425,Manchester Utd,Scott McTominay,SCO,MF,27-343,1996,0.2,10,10,100.0,186,99,5,5,100.0,3,3,100.0,2,2,100.0,0,0.0,0.0,0.0,0,2,0,0,1
2425,Manchester Utd,Toby Collyer,ENG,MF,20-317,2004,0.5,15,19,78.9,235,37,8,8,100.0,4,5,80.0,2,3,66.7,0,0.1,0.0,-0.1,1,1,0,0,2
2425,Manchester Utd,Victor Lindelöf,SWE,"DF,MF",30-121,1994,0.7,33,36,91.7,504,171,15,18,83.3,16,16,100.0,1,1,100.0,0,0.0,0.0,0.0,1,4,2,1,5
2425,Newcastle Utd,Alexander Isak,SWE,FW,25-055,1999,8.5,119,161,73.9,1709,314,71,87,81.6,37,45,82.2,5,8,62.5,2,1.3,0.9,0.7,10,10,1,0,14
2425,Newcastle Utd,Anthony Gordon,ENG,FW,23-265,2001,9.4,230,320,71.9,3333,1015,137,161,85.1,74,99,74.7,12,34,35.3,1,2.1,2.2,-1.1,23,15,18,9,19
2425,Newcastle Utd,Bruno Guimarães,BRA,MF,26-365,1997,10.9,450,549,82.0,7661,2632,221,254,87.0,176,196,89.8,44,74,59.5,1,0.8,1.0,0.2,7,57,17,2,71
2425,Newcastle Utd,Dan Burn,ENG,DF,32-190,1992,11.0,539,601,89.7,9476,3603,194,216,89.8,314,327,96.0,26,44,59.1,0,0.2,0.2,-0.2,2,4,4,0,14
2425,Newcastle Utd,Emil Krafth,SWE,DF,30-105,1994,2.7,59,74,79.7,1018,485,26,33,78.8,29,33,87.9,4,6,66.7,0,0.1,0.0,-0.1,1,3,0,0,1
2425,Newcastle Utd,Fabian Schär,SUI,DF,32-331,1991,8.3,423,512,82.6,8508,3587,155,176,88.1,220,233,94.4,47,96,49.0,0,0.2,0.6,-0.2,1,47,4,0,36
2425,Newcastle Utd,Harvey Barnes,ENG,FW,26-342,1997,5.5,130,163,79.8,1834,643,85,97,87.6,39,52,75.0,4,7,57.1,1,2.0,1.5,-1.0,9,5,16,4,26
2425,Newcastle Utd,Jacob Murphy,ENG,FW,29-265,1995,5.5,152,211,72.0,2469,777,87,107,81.3,56,68,82.4,9,24,37.5,2,1.4,1.2,0.6,7,17,8,1,27
2425,Newcastle Utd,Joe Willock,ENG,"MF,FW",25-087,1999,3.7,98,122,80.3,1432,370,60,65,92.3,33,42,78.6,4,9,44.4,1,1.1,0.5,-0.1,11,11,2,0,18
2425,Newcastle Utd,Joelinton,BRA,"MF,FW",28-093,1996,10.3,346,418,82.8,4965,1270,218,248,87.9,110,125,88.0,14,26,53.8,0,0.7,0.9,-0.7,11,37,4,0,46
2425,Newcastle Utd,Kieran Trippier,ENG,DF,34-057,1990,3.1,198,246,80.5,3513,1206,96,103,93.2,82,99,82.8,19,38,50.0,0,0.2,0.2,-0.2,3,15,2,0,19
2425,Newcastle Utd,Lewis Hall,ENG,DF,20-068,2004,8.7,501,620,80.8,8623,3731,237,269,88.1,222,262,84.7,36,72,50.0,1,1.8,1.4,-0.8,13,50,7,1,52
2425,Newcastle Utd,Lloyd Kelly,ENG,DF,26-040,1998,2.3,78,98,79.6,1421,513,33,35,94.3,38,44,86.4,6,15,40.0,1,0.5,0.1,0.5,1,5,1,1,6
2425,Newcastle Utd,Miguel Almirón,PAR,FW,30-279,1994,1.2,30,39,76.9,419,144,23,24,95.8,6,9,66.7,1,3,33.3,0,0.2,0.2,-0.2,1,3,1,0,5
2425,Newcastle Utd,Nick Pope,ENG,GK,32-210,1992,11.0,222,327,67.9,5561,3463,55,55,100.0,107,109,98.2,58,160,36.3,0,0.0,0.0,0.0,0,1,0,0,0
2425,Newcastle Utd,Sandro Tonali,ITA,MF,24-191,2000,4.6,122,161,75.8,1806,575,76,88,86.4,39,50,78.0,7,16,43.8,1,0.3,0.2,0.7,4,15,2,0,15
2425,Newcastle Utd,Sean Longstaff,ENG,MF,27-016,1997,5.7,175,208,84.1,2607,622,98,114,86.0,63,68,92.6,11,14,78.6,0,0.1,0.2,-0.1,2,14,1,0,28
2425,Newcastle Utd,Valentino Livramento,ENG,DF,22-003,2002,7.9,290,365,79.5,4265,1370,168,195,86.2,114,134,85.1,7,22,31.8,0,0.2,0.1,-0.2,5,16,4,0,27
2425,Newcastle Utd,William Osula,DEN,"FW,MF",21-103,2003,0.1,1,2,50.0,5,0,0,0,,0,1,0.0,0,0,,0,0.0,0.0,0.0,0,0,0,0,0
2425,Nott'ham Forest,Anthony Elanga,SWE,FW,22-202,2002,7.2,133,215,61.9,2022,725,76,94,80.9,33,55,60.0,15,42,35.7,2,1.1,1.3,0.9,14,7,5,0,15
2425,Nott'ham Forest,Callum Hudson-Odoi,ENG,FW,24-008,2000,8.7,253,307,82.4,3703,779,156,170,91.8,70,85,82.4,17,32,53.1,0,1.0,1.1,-1.0,18,8,10,2,24
2425,Nott'ham Forest,Chris Wood,NZL,FW,32-344,1991,9.9,103,156,66.0,1413,326,64,85,75.3,24,38,63.2,7,11,63.6,0,1.0,0.2,-1.0,6,6,3,1,10
2425,Nott'ham Forest,Danilo,BRA,MF,23-200,2001,0.2,3,3,100.0,85,6,0,0,,2,2,100.0,1,1,100.0,0,0.0,0.0,0.0,0,0,0,0,0
2425,Nott'ham Forest,Elliot Anderson,ENG,"MF,FW",22-009,2002,7.0,251,316,79.4,4183,1333,129,142,90.8,99,122,81.1,19,36,52.8,3,1.6,1.1,1.4,14,24,3,1,31
2425,Nott'ham Forest,Eric da Silva Moreira,GER,DF,18-196,2006,0.0,0,0,,0,0,0,0,,0,0,,0,0,,0,0.0,0.0,0.0,0,0,0,0,0
2425,Nott'ham Forest,Harry Toffolo,ENG,DF,29-088,1995,0.4,22,30,73.3,299,163,16,18,88.9,6,8,75.0,0,2,0.0,0,0.0,0.0,0.0,0,1,0,0,1
2425,Nott'ham Forest,Ibrahim Sangaré,CIV,MF,26-349,1997,2.4,86,113,76.1,1305,411,48,56,85.7,32,41,78.0,5,9,55.6,0,0.0,0.1,0.0,1,5,1,0,8
2425,Nott'ham Forest,James Ward-Prowse,ENG,MF,30-014,1994,3.2,114,145,78.6,1798,582,65,70,92.9,41,47,87.2,6,19,31.6,0,0.0,0.2,0.0,1,14,2,0,12
2425,Nott'ham Forest,Jota Silva,POR,"FW,MF",25-106,1999,2.4,30,53,56.6,477,189,14,21,66.7,12,18,66.7,2,5,40.0,1,0.7,0.4,0.3,4,1,3,2,7
2425,Nott'ham Forest,Matz Sels,BEL,GK,32-263,1992,11.0,160,306,52.3,5856,5014,26,26,100.0,51,52,98.1,83,224,37.1,0,0.0,0.1,0.0,0,15,1,0,1
2425,Nott'ham Forest,Morato,BRA,DF,23-138,2001,0.8,10,20,50.0,183,91,6,6,100.0,3,5,60.0,1,4,25.0,0,0.0,0.0,0.0,0,1,0,0,1
2425,Nott'ham Forest,Morgan Gibbs-White,ENG,MF,24-293,2000,7.0,205,272,75.4,2976,897,121,144,84.0,59,76,77.6,16,28,57.1,0,1.0,1.0,-1.0,13,34,6,0,35
2425,Nott'ham Forest,Murillo,BRA,DF,22-134,2002,11.0,357,450,79.3,6566,2837,158,173,91.3,153,178,86.0,37,81,45.7,0,0.8,0.5,-0.8,7,33,4,0,34
2425,Nott'ham Forest,Neco Williams,WAL,DF,23-216,2001,4.2,105,149,70.5,1717,660,55,63,87.3,38,51,74.5,9,18,50.0,0,0.3,0.2,-0.3,4,5,6,2,7
2425,Nott'ham Forest,Nicolás Domínguez,ARG,"MF,FW",26-140,1998,5.8,241,286,84.3,3358,1053,145,163,89.0,73,85,85.9,8,14,57.1,0,0.0,0.3,0.0,2,23,2,0,24
2425,Nott'ham Forest,Nikola Milenković,SRB,DF,27-034,1997,10.0,264,310,85.2,5158,2065,96,105,91.4,128,147,87.1,37,47,78.7,1,0.2,0.2,0.8,4,17,0,0,16
2425,Nott'ham Forest,Ola Aina,NGA,DF,28-038,1996,10.6,372,497,74.8,5734,2525,212,240,88.3,130,177,73.4,21,54,38.9,0,0.4,0.8,-0.4,5,36,8,5,47
2425,Nott'ham Forest,Ramón Sosa,PAR,"MF,FW",25-076,1999,1.1,33,49,67.3,489,137,16,21,76.2,12,18,66.7,2,4,50.0,0,0.3,0.2,-0.3,4,2,2,0,4
2425,Nott'ham Forest,Ryan Yates,ENG,MF,26-360,1997,9.0,300,358,83.8,4324,909,162,180,90.0,105,117,89.7,14,24,58.3,0,0.7,0.3,-0.7,11,21,3,0,23
2425,Nott'ham Forest,Taiwo Awoniyi,NGA,FW,27-095,1997,1.2,20,28,71.4,218,21,15,19,78.9,4,7,57.1,0,1,0.0,0,0.0,0.1,0.0,0,0,0,0,1
2425,Nott'ham Forest,Willy Boly,CIV,DF,33-286,1991,1.0,43,54,79.6,833,371,13,14,92.9,25,27,92.6,4,12,33.3,0,0.0,0.0,0.0,0,2,0,0,2
2425,Nott'ham Forest,Álex Moreno,ESP,DF,31-160,1993,6.8,199,281,70.8,2942,1113,120,142,84.5,62,94,66.0,9,27,33.3,1,1.0,0.8,0.0,4,18,6,1,26
2425,Southampton,Aaron Ramsdale,ENG,GK,26-185,1998,9.0,316,415,76.1,7059,5093,107,107,100.0,139,148,93.9,64,154,41.6,0,0.0,0.0,0.0,0,10,1,0,0
2425,Southampton,Adam Armstrong,ENG,"FW,MF",27-279,1997,5.1,107,131,81.7,1554,216,64,70,91.4,34,41,82.9,5,7,71.4,0,0.2,0.3,-0.2,3,3,5,1,9
2425,Southampton,Adam Lallana,ENG,MF,36-189,1988,3.1,180,204,88.2,2386,790,122,132,92.4,49,52,94.2,3,7,42.9,2,0.9,0.4,1.1,3,18,7,1,21
2425,Southampton,Alex McCarthy,ENG,GK,34-348,1989,2.0,46,53,86.8,923,609,18,20,90.0,19,20,95.0,8,12,66.7,0,0.0,0.0,0.0,0,1,0,0,0
2425,Southampton,Ben Brereton,CHI,FW,25-211,1999,4.5,119,152,78.3,1716,354,76,85,89.4,34,51,66.7,7,11,63.6,0,0.1,0.1,-0.1,3,8,1,1,8
2425,Southampton,Cameron Archer,ENG,FW,23-117,2001,6.6,68,82,82.9,908,91,45,52,86.5,19,23,82.6,2,2,100.0,0,0.2,0.1,-0.2,1,2,2,0,4
2425,Southampton,Carlos Alcaraz,ARG,MF,21-351,2002,0.1,13,13,100.0,221,66,7,7,100.0,4,4,100.0,2,2,100.0,0,0.1,0.0,-0.1,1,4,1,1,6
2425,Southampton,Charlie Taylor,ENG,DF,31-058,1993,2.3,124,147,84.4,2148,455,47,51,92.2,66,75,88.0,9,14,64.3,0,0.1,0.1,-0.1,1,6,2,1,6
2425,Southampton,Flynn Downes,ENG,MF,25-300,1999,10.0,518,562,92.2,7546,1506,306,325,94.2,178,188,94.7,17,26,65.4,0,0.9,1.1,-0.9,12,32,9,0,40
2425,Southampton,Jack Stephens,ENG,DF,30-293,1994,6.4,470,500,94.0,8030,2391,191,204,93.6,257,268,95.9,16,19,84.2,0,0.1,0.2,-0.1,2,39,5,0,41
2425,Southampton,James Bree,ENG,DF,27-035,1997,0.2,8,10,80.0,153,57,4,4,100.0,3,4,75.0,1,2,50.0,0,0.0,0.0,0.0,1,0,0,0,1
2425,Southampton,Jan Bednarek,POL,DF,28-217,1996,10.9,888,948,93.7,14931,5494,389,407,95.6,439,462,95.0,53,66,80.3,0,0.4,0.7,-0.4,3,47,0,0,31
2425,Southampton,Joe Aribo,NGA,MF,28-117,1996,6.7,259,298,86.9,3601,696,159,178,89.3,88,98,89.8,6,8,75.0,0,0.7,0.6,-0.7,3,12,2,0,25
2425,Southampton,Kamaldeen Sulemana,GHA,"FW,MF",22-274,2002,0.2,1,1,100.0,21,0,0,0,,1,1,100.0,0,0,,0,0.0,0.0,0.0,0,0,0,0,0
2425,Southampton,Kyle Walker-Peters,ENG,DF,27-216,1997,8.9,533,587,90.8,8148,2310,287,306,93.8,218,239,91.2,19,23,82.6,1,0.9,0.5,0.1,7,47,7,1,41
2425,Southampton,Lesley Ugochukwu,FRA,MF,20-234,2004,1.9,62,75,82.7,887,139,34,35,97.1,24,28,85.7,1,3,33.3,0,0.2,0.1,-0.2,2,4,1,0,3
2425,Southampton,Mateus Fernandes,POR,MF,20-128,2004,7.9,281,347,81.0,4305,919,149,173,86.1,98,118,83.1,18,31,58.1,1,1.0,0.6,0.0,8,24,5,0,42
2425,Southampton,Maxwel Cornet,CIV,FW,28-049,1996,0.8,17,22,77.3,262,37,9,10,90.0,6,8,75.0,1,2,50.0,0,0.0,0.0,0.0,0,0,0,0,0
2425,Southampton,Paul Onuachu,NGA,FW,30-171,1994,0.7,13,24,54.2,153,52,8,17,47.1,4,4,100.0,0,1,0.0,0,0.0,0.0,0.0,1,1,0,0,2
2425,Southampton,Ross Stewart,SCO,"FW,MF",28-127,1996,1.5,36,45,80.0,527,59,16,19,84.2,17,19,89.5,0,1,0.0,0,0.0,0.0,0.0,0,1,1,0,1
2425,Southampton,Ryan Fraser,SCO,FW,30-265,1994,1.6,27,37,73.0,421,52,14,16,87.5,10,14,71.4,2,5,40.0,0,0.1,0.1,-0.1,1,0,0,0,1
2425,Southampton,Ryan Manning,IRL,"DF,FW",28-154,1996,3.7,100,127,78.7,1699,455,45,49,91.8,42,50,84.0,9,19,47.4,0,0.5,0.6,-0.5,7,1,2,2,1
2425,Southampton,Samuel Amo-Ameyaw,ENG,DF,18-120,2006,0.1,5,5,100.0,68,13,4,4,100.0,1,1,100.0,0,0,,0,0.1,0.1,-0.1,1,0,1,1,0
2425,Southampton,Samuel Edozie,ENG,"DF,FW",21-292,2003,0.7,25,33,75.8,316,67,19,21,90.5,6,7,85.7,0,3,0.0,0,0.1,0.2,-0.1,1,0,3,0,4
2425,Southampton,Taylor Harwood-Bellis,ENG,DF,22-290,2002,9.6,686,770,89.1,12024,3796,272,292,93.2,366,396,92.4,41,67,61.2,0,0.4,0.1,-0.4,6,59,2,0,34
2425,Southampton,Tyler Dibling,ENG,"FW,MF",18-248,2006,6.3,156,196,79.6,2525,586,78,88,88.6,67,80,83.8,9,18,50.0,0,0.8,0.6,-0.8,8,10,10,0,24
2425,Southampton,William Smallbone,IRL,MF,24-268,2000,2.7,91,127,71.7,1300,187,50,58,86.2,35,45,77.8,2,14,14.3,0,0.3,0.5,-0.3,3,3,1,1,8
2425,Southampton,Yukinari Sugawara,JPN,DF,24-140,2000,7.4,364,450,80.9,5783,1748,187,207,90.3,146,173,84.4,23,45,51.1,1,1.5,1.2,-0.5,10,29,9,2,35
2425,Tottenham,Archie Gray,ENG,"MF,DF",18-248,2006,0.5,49,56,87.5,628,169,35,38,92.1,12,14,85.7,1,1,100.0,0,0.0,0.0,0.0,0,1,0,0,3
2425,Tottenham,Ben Davies,WAL,DF,31-205,1993,0.3,13,13,100.0,240,122,4,4,100.0,8,8,100.0,1,1,100.0,0,0.0,0.0,0.0,0,0,0,0,0
2425,Tottenham,Brennan Johnson,WAL,FW,23-176,2001,9.6,174,248,70.2,2208,616,109,138,79.0,53,71,74.6,4,9,44.4,0,0.7,0.7,-0.7,9,9,17,3,28
2425,Tottenham,Cristian Romero,ARG,DF,26-202,1998,10.7,790,876,90.2,14768,5793,273,296,92.2,450,475,94.7,57,85,67.1,0,0.5,0.7,-0.5,6,85,7,1,48
2425,Tottenham,Dejan Kulusevski,SWE,"MF,FW",24-204,2000,9.5,240,337,71.2,3329,1145,154,180,85.6,60,83,72.3,13,36,36.1,2,2.8,1.9,-0.8,30,26,23,1,52
2425,Tottenham,Destiny Udogie,ITA,DF,21-353,2002,10.2,487,558,87.3,6946,1941,274,299,91.6,184,203,90.6,11,14,78.6,1,1.2,0.9,-0.2,11,40,4,1,64
2425,Tottenham,Djed Spence,ENG,DF,24-098,2000,0.7,33,37,89.2,466,85,19,20,95.0,13,15,86.7,1,2,50.0,0,0.0,0.0,0.0,0,4,1,1,4
2425,Tottenham,Dominic Solanke,ENG,FW,27-062,1997,8.9,107,151,70.9,1493,420,68,90,75.6,25,35,71.4,7,12,58.3,1,0.8,0.6,0.2,4,11,5,0,21
2425,Tottenham,Guglielmo Vicario,ITA,GK,28-039,1996,11.0,370,402,92.0,6841,4078,132,133,99.2,199,203,98.0,35,61,57.4,0,0.0,0.0,0.0,0,1,0,0,1
2425,Tottenham,James Maddison,ENG,MF,27-358,1996,7.6,401,500,80.2,6583,1961,196,218,89.9,163,190,85.8,31,71,43.7,3,1.9,3.6,1.1,19,45,18,4,70
2425,Tottenham,Lucas Bergvall,SWE,"MF,FW",18-287,2006,0.6,50,59,84.7,753,219,30,33,90.9,13,16,81.3,5,6,83.3,0,0.2,0.3,-0.2,1,4,0,0,4
2425,Tottenham,Micky van de Ven,NED,DF,23-210,2001,7.9,560,607,92.3,10446,3007,171,185,92.4,350,362,96.7,34,47,72.3,2,1.2,0.7,0.8,2,40,1,0,42
2425,Tottenham,Mikey Moore,ENG,FW,17-096,2007,0.9,15,22,68.2,164,46,7,7,100.0,4,7,57.1,0,2,0.0,0,0.0,0.0,0.0,0,0,2,0,3
2425,Tottenham,Pape Matar Sarr,SEN,MF,22-062,2002,4.9,284,328,86.6,4632,1020,142,159,89.3,120,131,91.6,18,23,78.3,2,1.2,0.3,0.8,5,41,3,1,37
2425,Tottenham,Pedro Porro,ESP,DF,25-063,1999,11.0,540,734,73.6,9332,3501,286,325,88.0,188,242,77.7,55,124,44.4,1,1.3,1.4,-0.3,20,47,24,11,66
2425,Tottenham,Radu Drăgușin,ROU,DF,22-286,2002,3.1,174,199,87.4,3175,1121,62,71,87.3,102,108,94.4,8,15,53.3,0,0.0,0.0,0.0,0,13,0,0,13
2425,Tottenham,Richarlison,BRA,FW,27-189,1997,1.0,23,34,67.6,300,69,13,14,92.9,7,13,53.8,1,2,50.0,1,0.8,0.5,0.2,2,4,0,0,5
2425,Tottenham,Rodrigo Bentancur,URU,MF,27-143,1997,5.9,356,391,91.0,5743,1424,168,181,92.8,162,170,95.3,16,22,72.7,0,0.1,0.2,-0.1,2,41,3,0,40
2425,Tottenham,Son Heung-min,KOR,FW,32-130,1992,7.4,264,320,82.5,3912,921,151,167,90.4,82,93,88.2,17,24,70.8,3,3.1,2.2,-0.1,19,15,24,4,48
2425,Tottenham,Timo Werner,GER,"FW,MF",28-254,1996,3.0,88,135,65.2,1353,311,45,55,81.8,31,46,67.4,6,14,42.9,1,0.2,0.2,0.8,2,1,9,1,17
2425,Tottenham,Wilson Odobert,FRA,FW,19-353,2004,1.8,59,78,75.6,728,105,42,46,91.3,14,20,70.0,0,1,0.0,0,0.1,0.1,-0.1,3,3,3,0,10
2425,Tottenham,Yves Bissouma,MLI,MF,28-077,1996,4.5,256,280,91.4,4037,1104,142,150,94.7,89,91,97.8,16,26,61.5,0,0.2,0.3,-0.2,3,22,4,0,32
2425,West Ham,Aaron Cresswell,ENG,DF,34-336,1989,0.3,24,34,70.6,439,142,11,15,73.3,12,15,80.0,1,3,33.3,0,0.0,0.0,0.0,1,2,0,0,3
2425,West Ham,Aaron Wan-Bissaka,ENG,DF,26-355,1997,9.1,343,427,80.3,4783,1778,222,248,89.5,102,130,78.5,12,26,46.2,0,0.3,0.6,-0.3,8,27,8,2,38
2425,West Ham,Alphonse Areola,FRA,GK,31-262,1993,7.5,211,289,73.0,5752,4223,46,46,100.0,97,102,95.1,67,136,49.3,0,0.0,0.0,0.0,0,4,0,0,0
2425,West Ham,Andy Irving,SCO,MF,24-186,2000,0.3,28,28,100.0,419,81,15,15,100.0,10,10,100.0,1,1,100.0,0,0.0,0.0,0.0,0,4,0,0,2
2425,West Ham,Carlos Soler,ESP,"MF,FW",27-318,1997,3.0,89,105,84.8,1353,359,48,52,92.3,25,30,83.3,10,14,71.4,0,0.1,0.1,-0.1,3,8,3,0,12
2425,West Ham,Crysencio Summerville,NED,"MF,FW",23-016,2001,3.8,75,107,70.1,1141,302,44,56,78.6,22,25,88.0,6,11,54.5,0,0.6,0.6,-0.6,7,4,6,4,7
2425,West Ham,Danny Ings,ENG,"FW,MF",32-115,1992,0.8,14,27,51.9,177,29,11,12,91.7,3,9,33.3,0,3,0.0,1,0.5,0.0,0.5,1,1,0,0,0
2425,West Ham,Edson Álvarez,MEX,"MF,DF",27-022,1997,4.5,197,231,85.3,3239,860,101,112,90.2,76,86,88.4,18,25,72.0,0,0.1,0.3,-0.1,4,20,2,0,17
2425,West Ham,Emerson Palmieri,ITA,DF,30-104,1994,9.5,360,448,80.4,5103,1856,217,242,89.7,115,149,77.2,14,35,40.0,0,0.8,1.3,-0.8,8,19,7,4,23
2425,West Ham,Guido Rodríguez,ARG,MF,30-217,1994,8.9,325,393,82.7,5550,1532,154,180,85.6,138,152,90.8,27,42,64.3,0,0.0,0.1,0.0,1,29,1,0,24
2425,West Ham,James Ward-Prowse,ENG,MF,30-014,1994,0.2,11,15,73.3,150,61,6,6,100.0,4,5,80.0,0,3,0.0,0,0.0,0.0,0.0,0,2,0,0,4
2425,West Ham,Jarrod Bowen,ENG,"MF,FW",27-331,1996,10.7,183,275,66.5,3146,1059,91,114,79.8,68,89,76.4,21,46,45.7,2,2.9,2.6,-0.9,24,23,19,1,43
2425,West Ham,Jean-Clair Todibo,FRA,DF,24-321,1999,5.6,253,283,89.4,4847,1641,77,83,92.8,154,160,96.3,20,36,55.6,0,0.0,0.0,0.0,2,7,0,0,7
2425,West Ham,Konstantinos Mavropanos,GRE,DF,26-340,1997,7.2,308,370,83.2,5808,1851,118,129,91.5,160,180,88.9,26,48,54.2,0,0.0,0.3,0.0,0,21,1,1,17
2425,West Ham,Lucas Paquetá,BRA,MF,27-080,1997,9.0,365,476,76.7,6052,1993,186,221,84.2,122,154,79.2,45,73,61.6,0,1.2,0.9,-1.2,12,49,15,1,54
2425,West Ham,Luis Guilherme,BRA,MF,18-280,2006,0.1,2,4,50.0,25,0,1,2,50.0,1,2,50.0,0,0,,0,0.0,0.0,0.0,0,0,0,0,0
2425,West Ham,Max Kilman,ENG,DF,27-176,1997,11.0,481,557,86.4,9415,3343,157,169,92.9,268,292,91.8,52,85,61.2,1,0.3,0.1,0.7,6,39,2,0,46
2425,West Ham,Michail Antonio,JAM,FW,34-232,1990,7.4,91,146,62.3,1822,285,38,53,71.7,32,49,65.3,19,26,73.1,1,1.6,0.9,-0.6,8,8,5,2,14
2425,West Ham,Mohammed Kudus,GHA,"MF,FW",24-105,2000,7.4,167,204,81.9,2908,482,84,97,86.6,63,68,92.6,17,24,70.8,0,0.8,0.9,-0.8,5,12,6,4,20
2425,West Ham,Niclas Füllkrug,GER,FW,31-280,1993,0.7,13,14,92.9,120,23,8,8,100.0,1,2,50.0,0,0,,0,0.0,0.1,0.0,0,1,0,0,0
2425,West Ham,Tomáš Souček,CZE,MF,29-262,1995,7.3,209,260,80.4,3464,891,104,120,86.7,82,102,80.4,19,26,73.1,0,0.4,0.7,-0.4,9,23,4,0,27
2425,West Ham,Vladimír Coufal,CZE,DF,32-085,1992,2.5,82,114,71.9,1356,555,41,49,83.7,32,44,72.7,7,16,43.8,0,0.1,0.1,-0.1,1,6,1,1,7
2425,West Ham,Łukasz Fabiański,POL,GK,39-211,1985,3.5,67,100,67.0,2031,1511,14,14,100.0,29,30,96.7,24,56,42.9,0,0.0,0.0,0.0,0,1,0,0,0
2425,Wolves,André,BRA,MF,23-122,2001,4.0,155,164,94.5,2653,650,71,72,98.6,69,71,97.2,12,15,80.0,0,0.1,0.2,-0.1,3,10,0,0,10
2425,Wolves,Carlos Forbs,POR,"MF,FW",20-241,2004,2.0,40,63,63.5,535,199,24,34,70.6,14,20,70.0,1,3,33.3,0,0.0,0.1,0.0,1,1,3,1,7
2425,Wolves,Chiquinho,POR,MF,24-284,2000,0.1,3,3,100.0,71,22,1,1,100.0,1,1,100.0,1,1,100.0,0,0.0,0.0,0.0,1,0,1,1,0
2425,Wolves,Craig Dawson,ENG,DF,34-193,1990,8.3,361,415,87.0,7160,2412,116,124,93.5,200,213,93.9,36,65,55.4,0,0.0,0.1,0.0,2,18,1,0,16
2425,Wolves,Daniel Podence,POR,"MF,FW",29-025,1995,0.5,11,16,68.8,132,78,7,7,100.0,3,3,100.0,0,2,0.0,0,0.0,0.0,0.0,0,1,1,0,2
2425,Wolves,Gonçalo Guedes,POR,"FW,MF",27-352,1996,1.4,28,42,66.7,535,137,13,18,72.2,13,16,81.3,2,3,66.7,1,0.3,0.1,0.7,3,2,1,1,5
2425,Wolves,Hwang Hee-chan,KOR,"FW,MF",28-294,1996,2.8,52,64,81.3,739,145,35,41,85.4,14,16,87.5,2,2,100.0,0,0.1,0.2,-0.1,2,2,3,2,3
2425,Wolves,Jean-Ricner Bellegarde,FRA,"MF,FW",26-141,1998,5.3,102,128,79.7,1579,195,62,67,92.5,31,38,81.6,8,12,66.7,1,0.3,0.5,0.7,6,8,4,2,6
2425,Wolves,José Sá,POR,GK,31-303,1993,6.0,116,206,56.3,3470,2634,16,16,100.0,60,61,98.4,39,127,30.7,0,0.1,0.0,-0.1,1,6,1,0,0
2425,Wolves,João Gomes,BRA,MF,23-277,2001,10.3,339,412,82.3,5055,1172,199,228,87.3,110,129,85.3,19,28,67.9,0,0.2,0.2,-0.2,5,35,2,0,39
2425,Wolves,Jørgen Strand Larsen,NOR,FW,24-283,2000,9.9,81,139,58.3,1018,168,46,74,62.2,23,40,57.5,2,3,66.7,1,1.0,0.5,0.0,7,3,2,1,7
2425,Wolves,Mario Lemina,GAB,MF,31-075,1993,9.8,267,330,80.9,4952,1470,107,128,83.6,126,146,86.3,29,41,70.7,2,0.3,0.7,1.7,5,23,8,3,29
2425,Wolves,Matheus Cunha,BRA,"MF,FW",25-172,1999,9.8,224,313,71.6,3772,1287,126,151,83.4,63,82,76.8,29,55,52.7,2,3.8,2.2,-1.8,19,27,17,3,39
2425,Wolves,Matt Doherty,IRL,DF,32-304,1992,2.3,74,105,70.5,1262,285,34,42,81.0,34,51,66.7,6,9,66.7,0,0.1,0.1,-0.1,1,4,1,0,6
2425,Wolves,Nélson Semedo,POR,DF,30-365,1993,8.7,298,360,82.8,4680,1393,155,172,90.1,123,142,86.6,16,33,48.5,2,1.1,0.5,0.9,6,20,5,2,23
2425,Wolves,Pablo Sarabia,ESP,"MF,FW",32-188,1992,2.0,60,94,63.8,1020,400,28,37,75.7,23,26,88.5,6,16,37.5,0,0.4,0.4,-0.4,3,10,4,0,12
2425,Wolves,Rayan Aït-Nouri,ALG,DF,23-162,2001,10.2,378,459,82.4,5273,1376,231,250,92.4,131,153,85.6,6,26,23.1,2,1.0,0.6,1.0,11,23,7,2,33
2425,Wolves,Rodrigo Gomes,POR,"FW,MF",21-131,2003,1.3,17,32,53.1,221,41,12,17,70.6,5,11,45.5,0,2,0.0,0,0.0,0.0,0.0,0,1,0,0,2
2425,Wolves,Sam Johnstone,ENG,GK,31-235,1993,5.0,136,206,66.0,3942,2933,23,24,95.8,64,66,97.0,48,112,42.9,0,0.0,0.0,0.0,1,1,0,0,0
2425,Wolves,Santiago Bueno,URU,DF,26-006,1998,4.9,177,208,85.1,3384,1109,65,73,89.0,83,90,92.2,24,33,72.7,0,0.0,0.0,0.0,0,5,1,0,7
2425,Wolves,Tommy Doyle,ENG,MF,23-029,2001,3.0,157,187,84.0,3443,1065,52,55,94.5,66,73,90.4,37,47,78.7,1,0.1,0.1,0.9,3,23,2,0,22
2425,Wolves,Toti Gomes,POR,DF,25-304,1999,8.2,332,404,82.2,5611,1922,155,173,89.6,152,170,89.4,22,41,53.7,1,0.5,0.3,0.5,2,16,0,0,16
2425,Wolves,Yerson Mosquera,COL,DF,23-197,2001,4.9,205,240,85.4,3996,1184,66,73,90.4,115,123,93.5,22,35,62.9,0,0.1,0.0,-0.1,2,16,1,1,7
