season,team,player,nation,pos,age,born,90s,Touches_Touches,Touches_Def Pen,Touches_Def 3rd,Touches_Mid 3rd,Touches_Att 3rd,Touches_Att Pen,Touches_Live,Take-Ons_Att,Take-Ons_Succ,Take-Ons_Succ%,Take-Ons_Tkld,Take-Ons_Tkld%,Carries_Carries,Carries_TotDist,Carries_PrgDist,Carries_PrgC,Carries_1/3,Carries_CPA,Carries_Mis,Carries_Dis,Receiving_Rec,Receiving_PrgR
2425,Arsenal,Ben White,ENG,DF,27-038,1997,7.7,419,37,137,191,93,7,419,2,0,0.0,1,50.0,193,672,332,4,7,1,7,3,245,15
2425,Arsenal,Bukayo Saka,ENG,"MF,FW",23-071,2001,9.1,446,5,31,103,314,69,446,44,18,40.9,18,40.9,279,1739,948,39,8,23,18,24,318,108
2425,Arsenal,David Raya,ESP,GK,29-061,1995,11.0,419,283,400,19,0,0,419,0,0,,0,,259,1365,869,0,0,0,1,0,219,0
2425,Arsenal,Declan Rice,ENG,MF,25-306,1999,9.2,544,26,104,245,200,22,544,11,6,54.5,4,36.4,263,1624,851,24,19,6,6,12,342,31
2425,Arsenal,Ethan Nwaneri,ENG,"MF,FW",17-239,2007,0.6,40,0,6,14,20,2,40,3,2,66.7,0,0.0,24,220,106,4,2,1,3,2,26,5
2425,Arsenal,Gabriel Jesus,BRA,"FW,MF",27-226,1997,1.4,81,3,9,24,48,14,81,9,3,33.3,4,44.4,59,332,194,7,3,4,4,3,57,14
2425,Arsenal,Gabriel Magalhães,BRA,DF,26-332,1997,10.6,691,86,277,335,83,16,691,3,3,100.0,0,0.0,396,1550,901,3,4,0,0,1,500,6
2425,Arsenal,Gabriel Martinelli,BRA,"MF,FW",23-150,2001,7.6,295,7,37,77,188,51,295,35,14,40.0,13,37.1,182,1508,876,39,16,16,15,13,209,89
2425,Arsenal,Jakub Kiwior,POL,DF,24-274,2000,1.1,46,11,25,17,4,0,46,2,1,50.0,1,50.0,16,49,7,0,0,0,0,0,22,0
2425,Arsenal,Jorginho,ITA,MF,32-331,1991,1.7,80,1,16,41,24,0,80,0,0,,0,,39,194,121,2,0,0,2,4,56,0
2425,Arsenal,Jurriën Timber,NED,DF,23-151,2001,7.6,362,25,93,156,116,14,362,13,8,61.5,4,30.8,166,802,368,12,3,3,6,5,185,22
2425,Arsenal,Kai Havertz,GER,FW,25-157,1999,11.0,418,23,66,152,204,56,418,26,6,23.1,16,61.5,210,1052,520,20,16,11,26,11,299,60
2425,Arsenal,Leandro Trossard,BEL,FW,29-347,1994,6.4,250,7,45,80,131,36,250,15,6,40.0,8,53.3,151,998,409,16,14,5,9,16,173,32
2425,Arsenal,Martin Ødegaard,NOR,MF,25-334,1998,3.8,172,1,12,81,83,17,172,10,5,50.0,5,50.0,120,778,323,10,3,6,3,10,131,13
2425,Arsenal,Mikel Merino,ESP,"MF,FW",28-146,1996,3.1,164,9,30,88,49,10,164,2,2,100.0,0,0.0,86,378,160,2,3,1,6,4,114,16
2425,Arsenal,Myles Lewis-Skelly,ENG,DF,18-050,2006,0.2,15,1,8,2,5,1,15,0,0,,0,,5,26,22,1,0,0,0,0,8,1
2425,Arsenal,Oleksandr Zinchenko,UKR,"DF,MF",27-336,1996,1.2,107,6,23,63,22,3,107,1,1,100.0,0,0.0,59,373,152,1,2,0,2,1,66,3
2425,Arsenal,Raheem Sterling,ENG,"MF,FW",29-343,1994,1.4,55,0,0,13,42,13,55,9,6,66.7,1,11.1,42,376,225,9,2,10,2,4,42,12
2425,Arsenal,Reiss Nelson,ENG,FW,24-341,1999,0.0,2,0,1,1,0,0,2,0,0,,0,,1,4,4,0,0,0,0,0,1,0
2425,Arsenal,Riccardo Calafiori,ITA,DF,22-180,2002,4.3,257,17,81,90,88,11,257,8,6,75.0,1,12.5,110,564,260,3,5,2,6,0,139,9
2425,Arsenal,Takehiro Tomiyasu,JPN,DF,26-010,1998,0.1,7,1,4,1,2,1,7,0,0,,0,,1,7,5,0,0,0,0,0,2,0
2425,Arsenal,Thomas Partey,GHA,"MF,DF",31-155,1993,10.8,707,35,159,366,185,6,707,7,4,57.1,2,28.6,367,1689,822,4,10,0,9,9,474,7
2425,Arsenal,William Saliba,FRA,DF,23-236,2001,9.3,644,53,262,362,23,5,644,4,4,100.0,0,0.0,384,1688,876,5,4,0,4,2,475,2
2425,Aston Villa,Amadou Onana,BEL,MF,23-091,2001,7.8,414,33,124,223,77,13,414,9,6,66.7,2,22.2,225,1055,517,8,10,0,5,6,257,6
2425,Aston Villa,Boubacar Kamara,FRA,MF,24-358,1999,0.4,30,1,8,18,4,0,30,1,0,0.0,0,0.0,18,52,27,0,0,0,1,0,20,0
2425,Aston Villa,Diego Carlos,BRA,DF,31-245,1993,5.2,347,47,174,168,7,2,347,1,1,100.0,0,0.0,238,1078,514,1,2,0,0,1,252,0
2425,Aston Villa,Emi Buendía,ARG,"MF,FW",27-326,1996,0.3,25,0,2,15,9,0,25,0,0,,0,,20,68,48,2,3,0,1,1,22,4
2425,Aston Villa,Emiliano Martínez,ARG,GK,32-074,1992,11.0,422,315,419,3,0,0,422,1,1,100.0,0,0.0,267,1410,819,0,0,0,1,0,219,0
2425,Aston Villa,Ezri Konsa,ENG,DF,27-023,1997,9.1,561,53,248,267,49,7,561,7,4,57.1,3,42.9,355,1882,943,8,7,1,4,0,399,5
2425,Aston Villa,Ian Maatsen,NED,DF,22-250,2002,1.8,135,5,31,55,51,7,135,6,2,33.3,4,66.7,63,327,184,5,4,2,4,3,68,15
2425,Aston Villa,Jacob Ramsey,ENG,"FW,MF",23-171,2001,7.0,323,6,55,111,163,28,323,22,16,72.7,6,27.3,231,1575,761,28,17,11,11,7,258,54
2425,Aston Villa,Jaden Philogene Bidace,ENG,"FW,MF",22-281,2002,2.2,71,3,13,22,36,6,71,6,1,16.7,2,33.3,41,262,99,2,3,3,3,1,44,9
2425,Aston Villa,Jhon Durán,COL,FW,20-338,2003,3.2,135,8,19,57,61,22,135,10,3,30.0,7,70.0,74,266,123,3,1,0,7,10,98,17
2425,Aston Villa,John McGinn,SCO,"FW,MF",30-028,1994,6.1,240,5,38,108,95,15,240,12,6,50.0,3,25.0,122,723,328,12,4,2,8,9,166,27
2425,Aston Villa,Kosta Nedeljković,SRB,DF,18-335,2005,1.1,49,4,10,24,15,0,49,2,1,50.0,1,50.0,20,75,28,1,0,0,1,0,23,0
2425,Aston Villa,Lamare Bogarde,NED,DF,20-315,2004,1.9,117,6,31,71,16,0,117,2,1,50.0,0,0.0,72,326,157,3,3,0,2,5,79,5
2425,Aston Villa,Leon Bailey,JAM,"FW,MF",27-098,1997,5.6,231,10,40,59,137,23,231,19,7,36.8,7,36.8,148,952,489,22,6,11,18,14,165,42
2425,Aston Villa,Lucas Digne,FRA,DF,31-118,1993,9.3,559,33,200,146,217,9,559,7,3,42.9,4,57.1,278,1114,448,5,4,1,5,6,313,48
2425,Aston Villa,Matty Cash,POL,DF,27-100,1997,4.7,269,20,99,122,51,4,269,5,4,80.0,1,20.0,133,802,420,8,10,0,4,2,147,7
2425,Aston Villa,Morgan Rogers,ENG,"MF,FW",22-112,2002,10.0,380,12,55,175,160,41,380,42,18,42.9,18,42.9,225,1489,900,30,20,8,30,26,256,56
2425,Aston Villa,Ollie Watkins,ENG,FW,28-321,1995,9.3,198,2,8,65,126,52,198,16,2,12.5,12,75.0,131,583,269,15,11,10,22,20,166,51
2425,Aston Villa,Pau Torres,ESP,DF,27-304,1997,11.0,712,93,298,369,47,7,712,12,11,91.7,1,8.3,477,2983,1940,21,12,0,3,3,519,4
2425,Aston Villa,Ross Barkley,ENG,MF,30-346,1993,3.1,211,7,31,125,58,6,211,2,1,50.0,1,50.0,131,640,329,8,7,1,2,3,149,4
2425,Aston Villa,Youri Tielemans,BEL,MF,27-192,1997,10.8,808,35,168,455,192,11,808,20,10,50.0,6,30.0,467,1843,933,16,11,4,8,8,573,11
2425,Bournemouth,Adam Smith,ENG,DF,33-200,1991,6.7,298,18,102,128,69,2,298,8,3,37.5,3,37.5,125,418,179,2,5,0,6,5,122,8
2425,Bournemouth,Alex Scott,ENG,MF,21-086,2003,2.9,191,10,38,97,58,5,191,13,2,15.4,7,53.8,112,628,290,5,3,1,5,3,117,14
2425,Bournemouth,Antoine Semenyo,GHA,FW,24-313,2000,10.7,475,12,68,161,263,62,475,45,24,53.3,15,33.3,305,2508,1191,45,25,23,26,14,338,86
2425,Bournemouth,Dango Ouattara,BFA,"FW,DF",22-278,2002,4.6,219,15,45,66,110,28,219,20,7,35.0,12,60.0,99,857,443,23,8,10,8,5,114,47
2425,Bournemouth,Daniel Jebbison,ENG,FW,21-094,2003,0.3,7,1,1,3,3,1,7,0,0,,0,,6,40,19,1,0,1,1,1,8,1
2425,Bournemouth,David Brooks,WAL,"MF,FW",27-130,1997,0.5,27,1,5,8,15,2,27,1,0,0.0,0,0.0,19,129,41,1,1,1,3,0,18,11
2425,Bournemouth,Dean Huijsen,ESP,DF,19-215,2005,2.4,178,23,92,78,9,4,178,1,0,0.0,1,100.0,98,502,341,2,1,0,0,0,119,1
2425,Bournemouth,Enes Ünal,TUR,"FW,MF",27-189,1997,1.7,67,4,7,27,33,10,67,5,1,20.0,4,80.0,34,122,62,4,3,1,5,3,47,8
2425,Bournemouth,Evanilson,BRA,FW,25-040,1999,7.9,168,10,12,62,94,39,167,12,5,41.7,3,25.0,96,426,203,7,3,3,12,9,117,20
2425,Bournemouth,Illia Zabarnyi,UKR,DF,22-075,2002,11.0,639,88,318,310,15,3,639,1,0,0.0,0,0.0,373,2133,1180,4,5,0,4,1,392,1
2425,Bournemouth,Julian Araujo,MEX,DF,23-094,2001,3.9,200,15,68,103,32,1,200,0,0,,0,,84,290,138,2,0,0,4,2,100,11
2425,Bournemouth,Justin Kluivert,NED,"MF,FW",25-194,1999,6.9,262,9,34,88,146,36,261,16,6,37.5,10,62.5,142,836,427,16,7,12,13,3,166,47
2425,Bournemouth,Kepa Arrizabalaga,ESP,GK,30-043,1994,6.0,204,164,201,3,0,0,204,0,0,,0,,119,573,341,0,0,0,0,0,94,0
2425,Bournemouth,Lewis Cook,ENG,MF,27-286,1997,10.9,636,30,130,359,155,8,636,6,2,33.3,4,66.7,285,1473,798,10,9,1,12,10,333,17
2425,Bournemouth,Luis Sinisterra,COL,"FW,MF",25-151,1999,2.3,118,5,10,29,79,18,118,16,7,43.8,7,43.8,73,551,278,14,4,7,4,2,78,29
2425,Bournemouth,Marcos Senesi,ARG,DF,27-189,1997,8.6,591,50,263,275,60,11,591,7,5,71.4,2,28.6,356,1918,1108,10,13,0,3,4,362,3
2425,Bournemouth,Marcus Tavernier,ENG,"MF,FW",25-238,1999,8.9,445,6,40,173,243,20,445,23,10,43.5,12,52.2,233,1465,761,22,18,2,15,21,278,49
2425,Bournemouth,Mark Travers,IRL,GK,25-181,1999,3.0,85,76,83,2,0,0,85,0,0,,0,,41,247,103,0,0,0,0,0,31,0
2425,Bournemouth,Milos Kerkez,HUN,DF,21-008,2003,10.3,539,33,143,222,181,14,539,10,6,60.0,0,0.0,270,1738,1078,29,17,2,13,3,300,45
2425,Bournemouth,Neto,BRA,GK,35-119,1989,2.0,70,60,70,0,0,0,70,0,0,,0,,35,148,99,0,0,0,0,0,28,0
2425,Bournemouth,Philip Billing,DEN,MF,28-157,1996,0.3,16,0,1,6,9,2,16,0,0,,0,,10,43,27,0,0,0,0,2,11,2
2425,Bournemouth,Ryan Christie,SCO,MF,29-267,1995,7.8,424,23,82,228,122,17,424,18,10,55.6,6,33.3,219,1053,458,8,9,3,18,6,242,18
2425,Bournemouth,Tyler Adams,USA,MF,25-275,1999,1.1,68,4,13,35,20,1,68,0,0,,0,,27,131,47,0,2,0,0,1,28,0
2425,Brentford,Ben Mee,ENG,"DF,FW",35-055,1989,0.1,7,2,4,3,0,0,7,0,0,,0,,3,7,1,0,0,0,0,0,3,0
2425,Brentford,Bryan Mbeumo,CMR,FW,25-100,1999,10.9,476,12,77,157,251,36,474,26,11,42.3,11,42.3,297,1844,928,33,17,14,30,12,321,100
2425,Brentford,Christian Nørgaard,DEN,MF,30-250,1994,8.6,487,50,185,221,85,13,487,5,3,60.0,2,40.0,244,893,353,5,2,0,10,8,302,12
2425,Brentford,Ethan Pinnock,JAM,DF,31-170,1993,11.0,751,168,441,253,58,13,751,8,3,37.5,5,62.5,369,1790,861,1,1,0,0,2,425,4
2425,Brentford,Fabio Carvalho,POR,"FW,MF",22-077,2002,3.2,151,3,30,53,69,17,151,9,1,11.1,7,77.8,76,365,136,5,1,0,8,4,82,13
2425,Brentford,Frank Onyeka,NGA,MF,26-319,1998,0.3,10,0,1,5,4,0,10,0,0,,0,,6,55,14,0,0,0,2,1,6,0
2425,Brentford,Keane Lewis-Potter,ENG,"FW,DF",23-267,2001,8.5,318,24,72,108,142,29,318,27,9,33.3,16,59.3,176,1323,609,24,17,15,19,7,198,46
2425,Brentford,Kevin Schade,GER,"FW,MF",22-354,2001,5.4,183,7,26,65,96,21,183,22,5,22.7,14,63.6,109,769,287,13,7,5,16,8,128,37
2425,Brentford,Kristoffer Ajer,NOR,DF,26-212,1998,7.1,356,25,140,166,55,8,356,8,4,50.0,4,50.0,198,1238,736,14,7,0,8,6,236,12
2425,Brentford,Mads Roerslev,DEN,DF,25-144,1999,5.0,291,21,109,124,59,4,291,10,4,40.0,5,50.0,172,815,394,7,5,0,3,5,196,30
2425,Brentford,Mark Flekken,NED,GK,31-155,1993,11.0,607,473,591,19,0,0,607,0,0,,0,,403,2070,1122,0,0,0,0,0,366,0
2425,Brentford,Mathias Jensen,DEN,MF,28-319,1996,3.9,206,9,42,84,80,2,206,6,2,33.3,2,33.3,113,525,303,4,4,0,2,4,128,15
2425,Brentford,Mikkel Damsgaard,DEN,"MF,FW",24-135,2000,8.8,503,19,105,228,176,17,503,22,11,50.0,9,40.9,283,1630,784,21,16,2,18,18,316,32
2425,Brentford,Nathan Collins,IRL,DF,23-199,2001,11.0,778,123,412,314,55,26,778,3,2,66.7,1,33.3,406,2075,1129,10,3,0,2,3,481,6
2425,Brentford,Ryan Trevitt,ENG,MF,21-248,2003,0.0,7,1,2,4,1,0,7,0,0,,0,,4,7,2,0,0,0,0,0,4,1
2425,Brentford,Sepp van den Berg,NED,DF,22-331,2001,8.1,466,67,232,170,66,14,466,4,2,50.0,2,50.0,195,838,371,3,4,0,7,3,262,16
2425,Brentford,Vitaly Janelt,GER,MF,26-189,1998,10.0,519,47,183,236,105,11,519,7,2,28.6,4,57.1,266,1327,542,7,10,1,7,3,322,18
2425,Brentford,Yehor Yarmoliuk,UKR,MF,20-259,2004,1.6,139,12,43,65,35,1,139,5,2,40.0,3,60.0,67,353,93,1,5,1,5,5,77,5
2425,Brentford,Yoane Wissa,COD,FW,28-073,1996,6.3,197,4,24,94,83,31,197,9,4,44.4,3,33.3,119,720,301,8,4,3,20,6,148,33
2425,Brentford,Yunus Emre Konak,TUR,"MF,FW",18-310,2006,0.2,22,0,5,9,8,0,22,1,0,0.0,1,100.0,9,51,34,1,0,1,2,3,13,1
2425,Brighton,Adam Webster,ENG,DF,29-316,1995,0.9,86,8,41,42,3,1,86,0,0,,0,,59,377,231,0,0,0,0,0,70,1
2425,Brighton,Bart Verbruggen,NED,GK,22-089,2002,9.0,387,316,383,4,0,0,387,0,0,,0,,256,959,499,0,1,1,1,0,239,0
2425,Brighton,Billy Gilmour,SCO,MF,23-157,2001,1.1,73,2,14,46,13,0,73,2,1,50.0,1,50.0,44,210,117,2,0,0,0,0,58,2
2425,Brighton,Brajan Gruda,GER,MF,20-168,2004,0.7,36,1,3,16,17,5,36,2,1,50.0,1,50.0,20,157,46,3,2,2,2,4,24,6
2425,Brighton,Carlos Baleba,CMR,MF,20-317,2004,6.9,399,15,76,232,100,5,399,16,10,62.5,5,31.3,205,1227,584,9,13,1,6,9,231,4
2425,Brighton,Danny Welbeck,ENG,FW,33-355,1990,10.3,322,7,25,154,146,44,322,18,5,27.8,11,61.1,176,878,377,8,13,3,18,14,235,41
2425,Brighton,Evan Ferguson,IRL,FW,20-027,2004,1.2,35,3,5,24,6,2,35,0,0,,0,,18,62,12,1,1,1,2,3,26,3
2425,Brighton,Ferdi Kadioglu,TUR,"DF,MF",25-039,1999,4.3,231,13,71,91,72,9,231,7,3,42.9,3,42.9,124,479,183,1,0,0,6,2,144,27
2425,Brighton,Georginio Rutter,FRA,"FW,MF",22-209,2002,6.7,259,11,33,105,127,28,259,26,8,30.8,15,57.7,144,906,531,15,12,6,23,12,179,38
2425,Brighton,Igor,BRA,DF,26-282,1998,5.3,396,64,196,185,19,1,396,3,2,66.7,1,33.3,245,1476,984,7,6,0,1,0,284,0
2425,Brighton,Jack Hinshelwood,ENG,"MF,DF",19-218,2005,9.3,566,27,172,266,133,11,566,6,1,16.7,5,83.3,268,1154,570,10,6,1,10,1,367,27
2425,Brighton,Jakub Moder,POL,MF,25-222,1999,0.1,16,0,5,7,4,0,16,0,0,,0,,7,64,52,2,1,0,0,0,8,0
2425,Brighton,James Milner,ENG,MF,38-316,1986,1.9,92,3,13,48,31,4,92,1,1,100.0,0,0.0,46,223,97,1,1,0,0,0,58,10
2425,Brighton,Jan Paul van Hecke,NED,DF,24-160,2000,8.1,704,64,313,346,48,7,704,5,3,60.0,2,40.0,505,3048,2101,9,16,0,1,0,528,0
2425,Brighton,Jason Steele,ENG,GK,34-089,1990,2.0,114,107,114,0,0,0,114,0,0,,0,,91,361,151,0,0,0,0,0,83,0
2425,Brighton,Jeremy Sarmiento,ECU,MF,22-152,2002,0.1,8,0,0,6,2,0,8,0,0,,0,,6,61,10,0,0,0,1,0,7,2
2425,Brighton,João Pedro,BRA,"MF,FW",23-050,2001,3.4,161,4,17,62,86,18,161,14,6,42.9,8,57.1,110,726,423,15,10,8,15,10,130,17
2425,Brighton,Joël Veltman,NED,DF,32-305,1992,9.6,573,37,197,275,104,7,573,10,1,10.0,5,50.0,270,1327,668,18,10,3,11,4,325,17
2425,Brighton,Julio Enciso,PAR,"MF,FW",20-297,2004,1.0,79,0,6,32,43,4,79,13,6,46.2,5,38.5,40,205,118,4,3,2,4,2,49,7
2425,Brighton,Kaoru Mitoma,JPN,"FW,MF",27-179,1997,10.2,488,3,52,169,277,65,488,55,21,38.2,32,58.2,298,2534,1621,59,31,25,17,7,357,118
2425,Brighton,Lewis Dunk,ENG,DF,32-360,1991,7.8,694,87,350,305,46,6,694,1,0,0.0,1,100.0,427,2076,1117,8,5,0,0,2,504,1
2425,Brighton,Mats Wieffer,NED,MF,24-365,1999,2.6,220,12,61,123,38,4,220,6,2,33.3,4,66.7,124,550,249,4,5,0,3,5,144,4
2425,Brighton,Matt O'Riley,DEN,MF,23-360,2000,0.4,12,1,2,7,3,2,12,0,0,,0,,6,27,10,0,0,0,0,0,7,2
2425,Brighton,Pervis Estupiñán,ECU,DF,26-299,1998,5.8,436,17,106,208,126,10,436,5,1,20.0,4,80.0,212,1019,583,15,14,4,7,9,262,36
2425,Brighton,Simon Adingra,CIV,"FW,MF",22-319,2002,2.3,129,2,14,41,76,12,129,8,1,12.5,7,87.5,80,532,250,7,5,4,13,3,89,44
2425,Brighton,Tariq Lamptey,GHA,DF,24-046,2000,0.1,6,1,2,4,1,0,6,0,0,,0,,4,32,31,1,1,0,1,0,3,1
2425,Brighton,Yankuba Minteh,GAM,"FW,MF",20-116,2004,4.5,192,6,15,58,122,32,192,30,9,30.0,17,56.7,111,849,453,17,6,17,9,5,114,54
2425,Brighton,Yasin Ayari,SWE,MF,21-040,2003,5.5,311,12,58,149,110,15,311,20,6,30.0,8,40.0,153,806,338,9,7,3,14,7,192,27
2425,Chelsea,Axel Disasi,FRA,DF,26-249,1998,1.0,83,6,40,39,4,0,83,1,1,100.0,0,0.0,46,255,84,1,0,0,1,0,55,0
2425,Chelsea,Benoît Badiashile,FRA,DF,23-234,2001,0.4,47,4,22,24,1,0,47,0,0,,0,,26,113,80,1,1,0,0,0,34,1
2425,Chelsea,Christopher Nkunku,FRA,FW,27-001,1997,1.8,99,4,17,24,58,16,99,9,4,44.4,4,44.4,62,324,151,5,2,4,4,2,70,18
2425,Chelsea,Cole Palmer,ENG,"MF,FW",22-193,2002,10.6,537,6,55,259,231,36,536,36,14,38.9,15,41.7,346,2453,1215,37,23,9,16,11,395,48
2425,Chelsea,Enzo Fernández,ARG,MF,23-303,2001,6.8,457,10,81,242,134,13,457,8,3,37.5,3,37.5,232,910,462,8,8,0,10,9,324,19
2425,Chelsea,Jadon Sancho,ENG,FW,24-235,2000,3.4,158,3,24,41,94,20,158,20,12,60.0,8,40.0,107,733,372,17,8,11,7,1,122,38
2425,Chelsea,João Félix,POR,"MF,FW",25-005,1999,1.4,98,1,11,45,43,11,98,11,3,27.3,4,36.4,65,472,279,7,2,2,2,2,76,11
2425,Chelsea,Kiernan Dewsbury-Hall,ENG,MF,26-070,1998,0.5,41,0,8,24,9,0,41,1,1,100.0,0,0.0,28,174,108,3,0,0,0,1,34,1
2425,Chelsea,Levi Colwill,ENG,DF,21-263,2003,11.0,873,125,458,397,19,10,873,5,3,60.0,2,40.0,480,2263,1339,3,2,0,6,4,617,0
2425,Chelsea,Malo Gusto,FRA,DF,21-180,2003,8.1,535,19,144,233,163,22,535,6,2,33.3,4,66.7,258,1150,559,13,6,2,4,7,333,34
2425,Chelsea,Marc Cucurella,ESP,DF,26-116,1998,8.2,523,40,180,258,87,9,523,2,1,50.0,1,50.0,200,878,478,10,3,0,5,3,326,17
2425,Chelsea,Marc Guiu,ESP,FW,18-316,2006,0.3,5,0,1,2,2,0,5,1,0,0.0,1,100.0,2,3,1,0,0,0,0,0,3,0
2425,Chelsea,Moisés Caicedo,ECU,MF,23-013,2001,10.8,705,23,163,403,147,7,705,15,7,46.7,5,33.3,382,1536,797,9,4,0,9,7,491,13
2425,Chelsea,Mykhailo Mudryk,UKR,FW,23-315,2001,1.7,62,3,12,15,38,6,62,8,3,37.5,5,62.5,39,468,227,7,8,0,3,7,42,12
2425,Chelsea,Nicolas Jackson,SEN,FW,23-148,2001,9.6,257,9,17,124,118,46,257,20,9,45.0,8,40.0,150,991,511,19,9,12,25,11,189,34
2425,Chelsea,Noni Madueke,ENG,FW,22-250,2002,8.4,329,4,37,102,199,53,329,30,16,53.3,14,46.7,217,1893,1240,53,23,23,20,9,250,74
2425,Chelsea,Pedro Neto,POR,FW,24-251,2000,6.2,299,1,30,99,172,23,299,32,12,37.5,14,43.8,205,1609,912,36,14,13,10,7,227,63
2425,Chelsea,Reece James,ENG,DF,24-343,1999,2.7,238,10,76,117,45,0,238,3,1,33.3,1,33.3,125,400,161,0,0,0,1,0,148,1
2425,Chelsea,Renato Veiga,POR,"DF,MF",21-109,2003,1.9,156,2,60,73,26,3,156,5,3,60.0,2,40.0,78,398,132,4,5,1,1,0,102,2
2425,Chelsea,Robert Sánchez,ESP,GK,26-363,1997,11.0,488,357,484,4,0,0,488,0,0,,0,,314,1500,958,0,0,0,0,0,297,0
2425,Chelsea,Roméo Lavia,BEL,MF,20-314,2004,3.7,213,8,54,122,39,0,213,7,6,85.7,1,14.3,137,662,267,2,4,0,0,6,151,5
2425,Chelsea,Tosin Adarabioyo,ENG,DF,27-052,1997,1.9,163,29,104,59,1,0,163,1,1,100.0,0,0.0,98,350,191,0,0,0,0,0,127,0
2425,Chelsea,Wesley Fofana,FRA,DF,23-334,2000,9.6,685,72,313,349,35,9,685,10,5,50.0,2,20.0,420,2239,1067,9,7,1,14,4,486,4
2425,Crystal Palace,Adam Wharton,ENG,MF,20-166,2004,6.9,434,13,96,232,109,6,434,7,1,14.3,6,85.7,225,961,504,6,10,2,5,10,268,6
2425,Crystal Palace,Asher Agbinone,ENG,MF,19-048,2005,0.1,8,0,0,2,6,0,8,2,0,0.0,1,50.0,5,53,23,2,0,0,0,1,5,1
2425,Crystal Palace,Caleb Kporha,ENG,DF,18-123,2006,0.0,5,0,0,2,3,0,5,0,0,,0,,2,37,35,1,1,0,0,0,1,0
2425,Crystal Palace,Chadi Riad,MAR,DF,21-151,2003,1.0,90,5,41,49,1,0,90,0,0,,0,,58,318,232,2,0,0,1,0,69,0
2425,Crystal Palace,Cheick Doucouré,MLI,MF,24-312,2000,1.5,85,2,12,61,12,1,85,3,2,66.7,1,33.3,48,188,90,1,2,1,1,2,54,0
2425,Crystal Palace,Chris Richards,USA,DF,24-232,2000,3.8,196,20,100,89,9,2,196,1,0,0.0,1,100.0,90,387,198,2,0,0,0,0,122,1
2425,Crystal Palace,Daichi Kamada,JPN,MF,28-102,1996,6.9,385,11,74,199,113,15,385,5,2,40.0,3,60.0,189,1010,554,13,9,2,7,12,258,29
2425,Crystal Palace,Daniel Muñoz,COL,"DF,MF",28-173,1996,10.0,619,34,157,266,204,33,619,18,7,38.9,10,55.6,255,1320,512,16,11,5,21,7,327,71
2425,Crystal Palace,Dean Henderson,ENG,GK,27-248,1997,11.0,367,315,365,1,1,1,367,0,0,,0,,200,1210,596,0,0,0,0,0,133,0
2425,Crystal Palace,Eberechi Eze,ENG,"MF,FW",26-139,1998,9.0,502,5,65,233,216,36,502,48,17,35.4,29,60.4,306,1774,881,27,18,10,15,13,356,58
2425,Crystal Palace,Eddie Nketiah,ENG,"MF,FW",25-169,1999,5.4,188,4,18,75,98,28,188,10,6,60.0,4,40.0,114,859,478,21,12,9,8,8,132,38
2425,Crystal Palace,Ismaila Sarr,SEN,"MF,FW",26-264,1998,5.4,211,8,23,78,113,27,211,9,3,33.3,4,44.4,115,697,346,13,8,6,14,12,145,38
2425,Crystal Palace,Jean-Philippe Mateta,FRA,FW,27-140,1997,8.4,197,6,14,82,102,28,196,5,0,0.0,5,100.0,82,326,132,5,3,3,18,5,136,29
2425,Crystal Palace,Jefferson Lerma,COL,"MF,DF",30-021,1994,4.6,291,18,85,172,39,4,291,1,0,0.0,1,100.0,139,569,303,2,3,0,1,5,181,11
2425,Crystal Palace,Jeffrey Schlupp,GHA,"MF,DF",31-328,1992,0.8,62,2,8,27,29,5,62,1,1,100.0,0,0.0,24,110,46,2,1,1,7,0,32,7
2425,Crystal Palace,Joachim Andersen,DEN,DF,28-168,1996,1.0,93,14,38,50,5,0,93,0,0,,0,,49,189,103,1,1,0,0,1,67,1
2425,Crystal Palace,Jordan Ayew,GHA,"FW,MF",33-065,1991,0.2,12,0,0,7,5,1,12,0,0,,0,,6,25,12,0,0,0,0,1,9,1
2425,Crystal Palace,Justin Devenny,NIR,MF,21-035,2003,0.8,33,1,8,14,11,1,33,1,0,0.0,1,100.0,12,110,67,2,1,1,0,1,18,0
2425,Crystal Palace,Marc Guéhi,ENG,DF,24-125,2000,11.0,738,132,409,308,25,9,738,3,3,100.0,0,0.0,371,1830,1016,5,5,1,11,5,449,1
2425,Crystal Palace,Maxence Lacroix,FRA,DF,24-223,2000,8.0,466,55,258,194,17,5,466,8,6,75.0,1,12.5,245,1181,692,2,0,0,7,2,275,0
2425,Crystal Palace,Nathaniel Clyne,ENG,"DF,MF",33-224,1991,3.3,158,13,64,75,19,1,158,0,0,,0,,86,341,176,2,0,1,4,2,98,5
2425,Crystal Palace,Odsonne Édouard,FRA,"MF,FW",26-304,1998,1.3,45,1,4,23,18,8,45,1,0,0.0,1,100.0,23,107,50,2,1,2,4,1,26,7
2425,Crystal Palace,Trevoh Chalobah,ENG,DF,25-133,1999,5.0,243,34,105,121,20,7,243,5,3,60.0,1,20.0,96,462,267,4,3,0,1,0,114,3
2425,Crystal Palace,Tyrick Mitchell,ENG,"DF,MF",25-075,1999,10.4,600,36,182,232,190,15,600,9,3,33.3,5,55.6,277,1267,573,21,15,2,11,9,324,74
2425,Crystal Palace,Will Hughes,ENG,MF,29-212,1995,5.1,280,4,47,144,90,6,280,4,0,0.0,4,100.0,131,687,364,9,7,0,7,6,161,12
2425,Everton,Abdoulaye Doucouré,MLI,MF,31-319,1993,7.2,318,10,86,153,83,10,318,6,4,66.7,2,33.3,157,756,341,8,6,0,3,6,191,18
2425,Everton,Ashley Young,ENG,DF,39-129,1985,8.7,517,20,167,242,111,2,517,6,3,50.0,3,50.0,214,973,619,8,8,1,2,0,269,6
2425,Everton,Beto,GNB,FW,26-289,1998,1.1,37,3,3,19,16,6,37,4,2,50.0,2,50.0,20,125,76,3,1,1,7,1,29,3
2425,Everton,Dominic Calvert-Lewin,ENG,FW,27-244,1997,10.0,278,13,21,114,148,53,278,18,6,33.3,10,55.6,150,802,287,11,5,10,38,17,222,65
2425,Everton,Dwight McNeil,ENG,"MF,FW",24-359,1999,9.9,448,2,48,194,213,16,448,28,16,57.1,11,39.3,261,1526,577,20,16,2,18,18,298,44
2425,Everton,Harrison Armstrong,ENG,MF,17-301,2007,0.0,4,0,0,2,2,1,4,0,0,,0,,3,9,0,0,0,0,0,0,4,0
2425,Everton,Idrissa Gana Gueye,SEN,MF,35-050,1989,8.2,419,19,101,241,82,11,419,8,3,37.5,5,62.5,192,917,455,8,9,1,9,12,241,5
2425,Everton,Iliman Ndiaye,SEN,FW,24-254,2000,9.0,358,14,76,145,162,30,358,56,24,42.9,28,50.0,215,1878,949,37,17,16,13,17,212,41
2425,Everton,Jack Harrison,ENG,FW,27-361,1996,7.0,269,11,51,94,126,27,269,24,9,37.5,13,54.2,170,925,412,17,7,6,22,15,194,48
2425,Everton,Jake O'Brien,IRL,DF,23-184,2001,0.3,20,0,9,9,3,0,20,3,1,33.3,2,66.7,7,37,22,0,0,0,0,0,11,0
2425,Everton,James Garner,ENG,"DF,MF",23-247,2001,2.8,134,13,46,62,26,1,134,5,2,40.0,3,60.0,55,199,63,1,1,0,1,1,62,4
2425,Everton,James Tarkowski,ENG,DF,31-362,1992,11.0,555,118,317,205,39,24,555,5,3,60.0,2,40.0,224,1017,515,2,3,0,3,2,304,1
2425,Everton,Jarrad Branthwaite,ENG,DF,22-141,2002,2.1,108,14,69,32,7,0,108,2,1,50.0,1,50.0,50,232,154,1,1,0,0,0,59,1
2425,Everton,Jesper Lindstrøm,DEN,FW,24-260,2000,3.9,196,4,28,72,97,12,196,13,2,15.4,10,76.9,84,483,257,9,5,2,9,10,109,26
2425,Everton,Jordan Pickford,ENG,GK,30-253,1994,11.0,463,316,440,24,0,0,463,0,0,,0,,232,1478,899,0,0,0,1,0,204,0
2425,Everton,Mason Holgate,ENG,"FW,DF",28-024,1996,0.1,3,0,0,2,1,0,3,0,0,,0,,1,0,0,0,0,0,1,0,1,0
2425,Everton,Michael Keane,ENG,DF,31-309,1993,9.0,407,78,226,165,18,14,407,0,0,,0,,186,733,234,1,1,0,0,2,235,3
2425,Everton,Orel Mangala,BEL,MF,26-242,1998,5.1,235,6,49,135,53,5,235,9,8,88.9,1,11.1,123,699,252,3,3,2,2,4,148,5
2425,Everton,Roman Dixon,ENG,DF,19-325,2004,1.0,36,8,19,14,4,0,36,3,0,0.0,3,100.0,16,107,48,0,0,0,2,0,13,1
2425,Everton,Séamus Coleman,IRL,DF,36-035,1988,1.0,52,3,12,30,10,2,52,2,2,100.0,0,0.0,22,100,35,0,0,0,1,0,25,2
2425,Everton,Tim Iroegbunam,ENG,MF,21-138,2003,4.3,158,9,43,79,41,11,158,12,5,41.7,5,41.7,80,470,232,5,7,2,6,9,72,7
2425,Everton,Vitaliy Mykolenko,UKR,DF,25-170,1999,8.3,410,33,144,182,87,7,410,5,1,20.0,3,60.0,171,630,334,7,5,0,3,1,204,20
2425,Fulham,Adama Traoré,ESP,"FW,MF",28-295,1996,8.0,335,1,31,118,195,44,335,44,23,52.3,14,31.8,238,1898,1075,42,17,17,13,5,265,60
2425,Fulham,Alex Iwobi,NGA,FW,28-196,1996,10.5,592,11,71,225,304,36,592,33,15,45.5,17,51.5,439,2369,1380,40,38,9,17,11,460,87
2425,Fulham,Andreas Pereira,BRA,MF,28-319,1996,9.3,523,4,59,215,256,15,522,13,5,38.5,4,30.8,281,1225,525,6,17,1,11,11,328,35
2425,Fulham,Antonee Robinson,USA,DF,27-099,1997,11.0,738,46,235,285,227,25,738,23,12,52.2,10,43.5,392,1737,913,28,17,10,15,7,423,77
2425,Fulham,Bernd Leno,GER,GK,32-256,1992,11.0,451,335,449,2,0,0,451,0,0,,0,,316,1093,617,0,0,0,0,0,275,0
2425,Fulham,Calvin Bassey,NGA,DF,24-320,1999,11.0,783,112,395,366,26,4,783,8,3,37.5,2,25.0,536,2315,1258,7,6,0,12,5,562,4
2425,Fulham,Emile Smith Rowe,ENG,MF,24-110,2000,8.8,530,11,67,250,218,31,530,15,5,33.3,8,53.3,365,1887,1021,30,17,9,15,5,425,51
2425,Fulham,Harrison Reed,ENG,MF,29-293,1995,0.7,56,1,7,19,31,4,56,1,0,0.0,0,0.0,22,70,17,1,1,0,2,2,27,7
2425,Fulham,Harry Wilson,WAL,"FW,MF",27-238,1997,0.9,62,1,9,21,34,12,62,1,0,0.0,0,0.0,35,184,67,3,2,4,6,0,37,12
2425,Fulham,Issa Diop,FRA,DF,27-311,1997,4.4,287,28,140,139,8,7,287,1,1,100.0,0,0.0,179,775,428,0,1,0,3,1,202,1
2425,Fulham,Jay Stansfield,ENG,MF,21-357,2002,0.0,0,0,0,0,0,0,0,0,0,,0,,0,0,0,0,0,0,0,0,0,0
2425,Fulham,Joachim Andersen,DEN,DF,28-168,1996,6.7,573,85,294,251,32,7,573,1,1,100.0,0,0.0,346,1404,764,3,4,0,1,1,393,0
2425,Fulham,Jorge Cuenca,ESP,DF,24-364,1999,0.0,4,0,2,1,1,0,4,0,0,,0,,1,0,0,0,0,0,0,0,1,0
2425,Fulham,Kenny Tete,NED,DF,29-037,1995,10.6,694,36,197,303,198,22,694,12,4,33.3,4,33.3,370,1844,934,30,16,6,11,8,408,34
2425,Fulham,Raúl Jiménez,MEX,FW,33-194,1991,7.4,251,8,20,105,130,47,250,9,3,33.3,5,55.6,156,523,213,5,4,1,24,13,186,31
2425,Fulham,Reiss Nelson,ENG,FW,24-341,1999,3.2,211,1,18,64,133,26,211,24,10,41.7,6,25.0,160,1275,653,31,19,16,6,6,171,43
2425,Fulham,Rodrigo Muniz,BRA,FW,23-195,2001,3.6,82,5,7,38,38,18,82,6,2,33.3,3,50.0,47,215,67,2,1,1,8,8,67,14
2425,Fulham,Sander Berge,NOR,MF,26-275,1998,5.8,351,19,100,206,46,2,351,1,0,0.0,1,100.0,193,1005,413,4,6,2,2,4,203,0
2425,Fulham,Saša Lukić,SRB,MF,28-094,1996,6.1,353,11,83,222,50,1,353,3,1,33.3,2,66.7,211,1111,488,4,11,2,4,1,221,1
2425,Fulham,Timothy Castagne,BEL,DF,28-346,1995,0.4,34,2,15,9,10,2,34,0,0,,0,,17,57,16,0,0,0,0,0,17,3
2425,Fulham,Tom Cairney,SCO,MF,33-300,1991,1.4,143,2,19,76,49,2,143,5,3,60.0,1,20.0,101,492,231,4,4,1,0,0,114,8
2425,Ipswich Town,Ali Al Hamadi,IRQ,FW,22-259,2002,0.4,10,2,4,0,6,2,10,0,0,,0,,2,3,0,0,0,0,1,0,4,3
2425,Ipswich Town,Arijanet Muric,KVX,GK,26-008,1998,10.0,371,296,360,11,0,0,371,0,0,,0,,215,1084,646,0,0,0,2,1,170,0
2425,Ipswich Town,Axel Tuanzebe,COD,DF,27-001,1997,6.7,319,38,132,137,53,6,319,3,2,66.7,1,33.3,144,592,275,4,3,1,4,0,162,2
2425,Ipswich Town,Ben Johnson,ENG,"DF,FW",24-296,2000,4.5,230,14,93,79,60,1,230,9,3,33.3,5,55.6,98,589,240,6,7,0,8,2,103,8
2425,Ipswich Town,Cameron Burgess,AUS,DF,29-025,1995,4.0,247,55,132,101,14,9,247,0,0,,0,,121,576,382,2,1,0,1,0,142,1
2425,Ipswich Town,Chiedozie Ogbene,IRL,FW,27-198,1997,2.6,70,3,11,19,40,6,70,7,1,14.3,3,42.9,41,330,139,7,2,2,4,2,43,15
2425,Ipswich Town,Christian Walton,ENG,GK,29-006,1995,1.0,45,39,45,0,0,0,45,0,0,,0,,26,95,48,0,0,0,0,0,21,0
2425,Ipswich Town,Conor Chaplin,ENG,"MF,FW",27-273,1997,3.1,129,2,22,57,52,6,129,1,0,0.0,1,100.0,64,267,126,3,3,0,3,1,93,10
2425,Ipswich Town,Conor Townsend,ENG,MF,31-256,1993,0.0,2,1,1,0,1,0,2,0,0,,0,,0,0,0,0,0,0,0,0,0,0
2425,Ipswich Town,Dara O'Shea,IRL,DF,25-256,1999,7.7,460,83,248,183,29,16,460,1,1,100.0,0,0.0,228,903,467,1,0,0,3,1,259,0
2425,Ipswich Town,George Edmundson,ENG,DF,27-076,1997,0.0,3,1,3,0,0,0,3,0,0,,0,,1,2,0,0,0,0,0,0,1,0
2425,Ipswich Town,George Hirst,ENG,FW,25-274,1999,2.0,66,4,9,21,36,10,66,1,0,0.0,1,100.0,37,207,64,3,1,3,8,7,58,14
2425,Ipswich Town,Harry Clarke,ENG,DF,23-258,2001,1.1,63,7,24,20,20,0,63,0,0,,0,,26,181,101,2,3,0,3,0,33,0
2425,Ipswich Town,Jack Clarke,ENG,FW,23-358,2000,4.0,154,3,36,66,59,13,154,16,10,62.5,5,31.3,86,546,275,6,3,3,9,3,91,18
2425,Ipswich Town,Jack Taylor,IRL,MF,26-145,1998,1.5,110,10,33,58,21,1,110,1,1,100.0,0,0.0,69,387,259,2,4,0,2,0,81,4
2425,Ipswich Town,Jacob Greaves,ENG,DF,24-064,2000,7.0,393,84,220,157,17,7,393,1,1,100.0,0,0.0,196,761,344,1,0,0,5,1,253,2
2425,Ipswich Town,Jens Cajuste,SWE,MF,25-097,1999,3.0,126,6,30,64,34,2,126,4,4,100.0,0,0.0,54,239,148,4,1,1,3,1,61,3
2425,Ipswich Town,Kalvin Phillips,ENG,MF,28-349,1995,6.0,347,15,86,198,65,4,347,6,4,66.7,2,33.3,168,890,338,4,3,0,8,5,196,1
2425,Ipswich Town,Leif Davis,ENG,DF,24-308,2000,11.0,575,52,200,185,197,13,575,15,6,40.0,9,60.0,260,1478,715,19,12,2,16,3,277,44
2425,Ipswich Town,Liam Delap,ENG,FW,21-281,2003,8.6,180,11,22,70,93,26,180,21,12,57.1,9,42.9,126,968,471,19,10,8,35,16,138,33
2425,Ipswich Town,Luke Woolfenden,ENG,DF,26-025,1998,4.2,261,59,149,106,6,2,261,0,0,,0,,158,746,399,3,3,0,1,0,174,0
2425,Ipswich Town,Marcus Harness,ENG,MF,28-265,1996,0.5,22,4,7,2,13,3,22,1,0,0.0,1,100.0,9,49,14,0,0,0,0,0,9,1
2425,Ipswich Town,Massimo Luongo,AUS,MF,32-051,1992,1.6,60,8,29,20,11,0,60,0,0,,0,,31,114,21,0,0,0,2,2,34,1
2425,Ipswich Town,Omari Hutchinson,ENG,"MF,FW",21-016,2003,9.7,398,6,55,161,188,35,398,52,23,44.2,23,44.2,263,2102,955,30,16,14,25,26,286,53
2425,Ipswich Town,Sam Morsy,EGY,MF,33-066,1991,9.9,573,25,158,334,87,1,573,10,9,90.0,1,10.0,327,1781,791,4,11,0,4,4,408,4
2425,Ipswich Town,Sammie Szmodics,IRL,"FW,MF",29-052,1995,6.0,168,6,36,69,66,18,168,8,3,37.5,4,50.0,99,531,200,8,4,3,12,9,105,31
2425,Ipswich Town,Wes Burns,WAL,FW,29-358,1994,4.5,150,8,25,54,75,9,150,9,3,33.3,6,66.7,107,680,325,15,9,4,6,8,106,36
2425,Leicester City,Abdul Fatawu Issahaku,GHA,FW,20-252,2004,6.4,326,19,73,114,157,26,326,69,29,42.0,28,40.6,217,1869,1055,42,24,15,18,12,216,60
2425,Leicester City,Bilal El Khannouss,MAR,"MF,FW",20-189,2004,2.2,133,0,11,61,62,4,133,2,0,0.0,2,100.0,79,377,129,6,5,1,5,5,92,11
2425,Leicester City,Bobby Reid,JAM,FW,31-287,1993,1.8,75,6,22,30,23,4,75,2,0,0.0,2,100.0,43,225,111,5,1,2,2,4,47,9
2425,Leicester City,Boubakary Soumaré,FRA,MF,25-262,1999,1.6,114,2,26,74,16,1,114,5,2,40.0,2,40.0,72,324,169,2,2,0,1,1,79,2
2425,Leicester City,Caleb Okoli,ITA,DF,23-125,2001,7.0,465,95,255,198,14,7,465,0,0,,0,,271,1341,646,3,1,0,6,0,281,1
2425,Leicester City,Conor Coady,ENG,DF,31-264,1993,0.1,8,4,8,0,0,0,8,0,0,,0,,2,7,0,0,1,1,1,0,0,0
2425,Leicester City,Facundo Buonanotte,ARG,"MF,FW",19-328,2004,8.1,437,16,71,204,170,20,437,43,18,41.9,23,53.5,247,1536,747,21,13,6,25,19,272,40
2425,Leicester City,Hamza Choudhury,ENG,MF,27-045,1997,0.2,5,1,1,2,2,0,5,0,0,,0,,0,0,0,0,0,0,0,0,1,0
2425,Leicester City,Harry Winks,ENG,MF,28-287,1996,9.5,614,24,150,375,98,1,614,4,1,25.0,3,75.0,368,1724,841,12,4,0,6,3,426,8
2425,Leicester City,James Justin,ENG,DF,26-266,1998,9.9,605,47,216,275,118,14,605,9,2,22.2,3,33.3,268,997,487,10,6,1,7,5,329,24
2425,Leicester City,Jamie Vardy,ENG,FW,37-309,1987,9.4,172,11,16,81,77,29,171,4,2,50.0,1,25.0,86,358,136,8,4,3,16,4,115,36
2425,Leicester City,Jannik Vestergaard,DEN,DF,32-104,1992,4.0,262,47,144,114,4,2,262,0,0,,0,,161,598,318,1,1,0,1,0,185,1
2425,Leicester City,Jordan Ayew,GHA,"FW,MF",33-065,1991,5.5,220,6,24,107,93,23,220,16,7,43.8,7,43.8,139,909,360,8,6,2,21,9,161,24
2425,Leicester City,Kasey McAteer,IRL,"FW,DF",22-359,2001,0.4,48,5,19,15,16,3,48,1,0,0.0,0,0.0,20,103,62,1,3,0,0,1,21,5
2425,Leicester City,Mads Hermansen,DEN,GK,24-127,2000,11.0,432,323,414,19,0,0,432,0,0,,0,,261,1436,743,0,0,0,0,0,209,0
2425,Leicester City,Odsonne Édouard,FRA,FW,26-304,1998,0.3,20,1,2,7,11,6,20,2,1,50.0,1,50.0,11,25,2,0,0,1,7,2,13,2
2425,Leicester City,Oliver Skipp,ENG,MF,24-060,2000,4.5,201,13,53,125,25,0,201,8,4,50.0,4,50.0,116,463,243,6,3,0,3,4,135,3
2425,Leicester City,Ricardo Pereira,POR,DF,31-040,1993,1.6,97,3,28,56,13,1,97,0,0,,0,,57,123,33,1,0,1,1,0,55,3
2425,Leicester City,Stephy Mavididi,ENG,FW,26-168,1998,6.8,312,9,47,126,146,21,312,36,13,36.1,20,55.6,216,1471,730,28,11,7,15,19,230,51
2425,Leicester City,Victor Bernth Kristiansen,DEN,DF,21-335,2002,9.5,608,49,236,285,92,1,608,9,3,33.3,6,66.7,306,1412,697,14,4,0,3,7,334,23
2425,Leicester City,Wilfred Ndidi,NGA,MF,27-335,1996,10.2,571,51,195,263,119,33,571,18,8,44.4,9,50.0,283,1279,490,9,10,2,20,17,345,47
2425,Leicester City,Wout Faes,BEL,DF,26-226,1998,11.0,678,124,329,319,33,12,678,3,3,100.0,0,0.0,380,1837,1139,4,5,0,6,3,441,1
2425,Liverpool,Alexis Mac Allister,ARG,MF,25-327,1998,8.6,553,22,97,322,136,17,553,12,2,16.7,10,83.3,286,1007,480,11,9,1,10,13,394,27
2425,Liverpool,Alisson,BRA,GK,32-044,1992,5.9,227,167,223,4,0,0,227,0,0,,0,,151,566,312,0,0,0,0,0,162,0
2425,Liverpool,Andrew Robertson,SCO,DF,30-249,1994,8.4,646,27,190,298,163,15,646,5,2,40.0,2,40.0,330,1414,763,15,11,1,6,3,417,18
2425,Liverpool,Caoimhín Kelleher,IRL,GK,25-358,1998,5.0,195,146,194,1,0,0,195,1,1,100.0,0,0.0,146,484,305,0,0,0,1,0,136,0
2425,Liverpool,Cody Gakpo,NED,FW,25-192,1999,4.7,215,7,27,77,118,20,215,10,8,80.0,1,10.0,143,879,367,11,5,5,5,2,165,57
2425,Liverpool,Conor Bradley,NIR,DF,21-129,2003,1.6,161,10,54,75,34,9,161,1,1,100.0,0,0.0,93,552,298,9,4,2,1,0,98,5
2425,Liverpool,Curtis Jones,ENG,MF,23-290,2001,4.6,271,8,49,162,62,12,271,8,5,62.5,2,25.0,168,821,359,5,1,1,5,9,210,14
2425,Liverpool,Darwin Núñez,URU,FW,25-144,1999,4.7,129,5,21,42,71,22,129,9,6,66.7,2,22.2,78,388,213,9,8,5,9,11,94,32
2425,Liverpool,Diogo Jota,POR,FW,27-347,1996,5.5,169,2,9,70,92,31,169,12,2,16.7,9,75.0,91,640,283,13,10,9,16,10,125,34
2425,Liverpool,Dominik Szoboszlai,HUN,MF,24-021,2000,8.3,485,7,59,266,166,22,485,10,8,80.0,2,20.0,265,1280,749,23,15,7,13,5,350,30
2425,Liverpool,Federico Chiesa,ITA,FW,27-021,1997,0.2,12,0,2,5,5,3,12,1,0,0.0,1,100.0,11,35,13,1,0,1,1,2,9,2
2425,Liverpool,Harvey Elliott,ENG,FW,21-225,2003,0.1,14,0,1,4,9,1,14,0,0,,0,,10,50,28,1,0,1,0,0,11,3
2425,Liverpool,Ibrahima Konaté,FRA,DF,25-174,1999,9.8,761,94,375,364,24,8,761,1,1,100.0,0,0.0,458,2019,1112,4,1,0,2,1,560,1
2425,Liverpool,Jarell Quansah,ENG,DF,21-291,2003,0.5,35,11,27,7,1,0,35,0,0,,0,,16,47,12,0,0,0,0,0,22,0
2425,Liverpool,Joe Gomez,ENG,DF,27-176,1997,0.6,48,6,23,21,4,2,48,0,0,,0,,21,79,33,0,0,0,0,0,25,0
2425,Liverpool,Kostas Tsimikas,GRE,DF,28-187,1996,2.6,237,10,68,115,55,1,237,2,2,100.0,0,0.0,111,527,321,5,4,0,1,1,146,6
2425,Liverpool,Luis Díaz,COL,FW,27-307,1997,7.2,340,7,33,131,185,46,340,39,16,41.0,19,48.7,226,1799,901,31,17,20,13,16,260,65
2425,Liverpool,Mohamed Salah,EGY,FW,32-153,1992,10.7,451,7,29,157,269,87,449,35,18,51.4,16,45.7,322,2006,887,39,15,36,24,24,399,122
2425,Liverpool,Ryan Gravenberch,NED,MF,22-183,2002,11.0,783,40,173,469,149,6,783,18,11,61.1,4,22.2,469,2423,1229,23,24,3,18,3,572,15
2425,Liverpool,Trent Alexander-Arnold,ENG,DF,26-039,1998,9.6,700,26,197,306,202,12,700,15,5,33.3,9,60.0,337,1727,942,23,16,5,9,10,430,25
2425,Liverpool,Virgil van Dijk,NED,DF,33-130,1991,11.0,1020,157,477,516,29,13,1020,1,1,100.0,0,0.0,569,2539,1194,1,5,0,2,1,706,0
2425,Liverpool,Vitezslav Jaros,CZE,GK,23-115,2001,0.1,8,5,8,0,0,0,8,0,0,,0,,7,29,8,0,0,0,0,0,5,0
2425,Liverpool,Wataru Endo,JPN,MF,31-280,1993,0.2,25,1,7,11,7,0,25,0,0,,0,,12,63,10,0,0,0,2,1,15,0
2425,Manchester City,Bernardo Silva,POR,"MF,FW",30-097,1994,9.3,606,8,57,192,363,79,606,26,12,46.2,12,46.2,369,2310,1265,41,18,20,6,11,460,88
2425,Manchester City,Ederson,BRA,GK,31-090,1993,11.0,432,280,425,7,0,0,432,0,0,,0,,272,1251,787,0,0,0,1,0,276,0
2425,Manchester City,Erling Haaland,NOR,FW,24-117,2000,11.0,214,8,13,58,145,81,213,14,5,35.7,8,57.1,107,500,187,9,3,10,14,14,168,44
2425,Manchester City,Jack Grealish,ENG,"FW,MF",29-066,1995,3.8,237,9,21,46,173,49,237,14,8,57.1,3,21.4,170,1439,960,46,10,31,5,2,187,67
2425,Manchester City,Jahmai Simpson-Pusey,ENG,DF,19-011,2005,1.0,113,8,57,54,2,0,113,1,0,0.0,0,0.0,70,322,150,1,0,0,1,0,92,0
2425,Manchester City,James Mcatee,ENG,FW,22-028,2002,0.0,6,0,0,1,5,1,6,0,0,,0,,2,5,0,0,0,0,0,0,4,0
2425,Manchester City,Jeremy Doku,BEL,"FW,MF",22-172,2002,4.5,292,1,10,61,229,43,292,46,22,47.8,13,28.3,211,2196,1443,66,30,25,13,12,240,83
2425,Manchester City,John Stones,ENG,"DF,MF",30-171,1994,2.7,183,11,41,89,54,4,183,0,0,,0,,106,751,432,8,10,0,0,0,133,1
2425,Manchester City,Joško Gvardiol,CRO,DF,22-297,2002,10.5,944,39,190,425,334,34,944,12,6,50.0,5,41.7,618,2980,1628,30,29,4,6,8,708,23
2425,Manchester City,Kevin De Bruyne,BEL,MF,33-140,1991,4.1,382,1,21,127,236,19,382,8,4,50.0,3,37.5,196,895,494,13,13,3,5,9,297,38
2425,Manchester City,Kyle Walker,ENG,DF,34-171,1990,5.2,463,8,93,221,155,3,463,1,1,100.0,0,0.0,264,1144,645,7,11,0,8,1,330,2
2425,Manchester City,Manuel Akanji,SUI,DF,29-119,1995,8.7,789,43,195,356,238,5,789,1,1,100.0,0,0.0,505,2482,1484,19,25,0,3,3,644,3
2425,Manchester City,Mateo Kovačić,CRO,MF,30-193,1994,9.8,860,16,112,447,315,10,860,25,15,60.0,7,28.0,581,3376,1600,32,37,2,8,14,704,11
2425,Manchester City,Matheus Nunes,POR,"MF,FW",26-080,1998,3.3,208,2,17,47,144,25,208,9,5,55.6,2,22.2,143,781,473,16,1,11,5,5,163,55
2425,Manchester City,Nathan Aké,NED,DF,29-271,1995,0.8,88,9,41,33,14,1,88,0,0,,0,,65,276,119,2,1,0,1,1,78,1
2425,Manchester City,Phil Foden,ENG,MF,24-171,2000,5.1,348,4,26,107,217,27,348,14,5,35.7,5,35.7,221,1066,555,12,5,3,7,5,276,44
2425,Manchester City,Rico Lewis,ENG,"DF,MF",19-360,2004,8.6,539,23,88,250,205,31,539,7,3,42.9,4,57.1,292,1532,846,21,12,5,9,10,372,41
2425,Manchester City,Rodri,ESP,MF,28-146,1996,0.7,65,1,12,30,24,0,65,1,0,0.0,0,0.0,34,125,42,0,2,0,0,0,49,1
2425,Manchester City,Rúben Dias,POR,DF,27-185,1997,8.1,856,61,233,442,183,11,856,1,0,0.0,1,100.0,603,3406,1946,12,33,1,3,1,687,3
2425,Manchester City,Sávio,BRA,"FW,MF",20-219,2004,5.8,408,1,11,73,331,60,408,45,21,46.7,12,26.7,287,2210,1397,57,15,34,17,13,310,88
2425,Manchester City,İlkay Gündoğan,GER,MF,34-022,1990,7.0,511,9,62,197,256,28,511,15,7,46.7,4,26.7,276,1414,667,19,12,4,11,6,395,41
2425,Manchester Utd,Alejandro Garnacho,ARG,FW,20-137,2004,7.9,366,5,45,131,195,51,366,30,6,20.0,21,70.0,252,1969,960,49,20,24,24,16,274,101
2425,Manchester Utd,Amad Diallo,CIV,FW,22-127,2002,5.4,320,2,28,103,195,41,320,19,7,36.8,12,63.2,203,1538,737,35,20,22,10,10,236,70
2425,Manchester Utd,André Onana,CMR,GK,28-227,1996,11.0,489,320,475,14,0,0,489,0,0,,0,,374,2077,1296,0,0,0,0,0,323,0
2425,Manchester Utd,Antony,BRA,FW,24-265,2000,0.3,17,0,3,3,11,1,17,1,0,0.0,1,100.0,8,51,36,1,1,0,1,0,9,1
2425,Manchester Utd,Bruno Fernandes,POR,"MF,FW",30-068,1994,10.3,732,17,92,345,299,30,731,17,8,47.1,7,41.2,433,1978,1003,24,20,4,16,13,537,54
2425,Manchester Utd,Casemiro,BRA,MF,32-266,1992,6.9,543,39,153,280,114,18,543,5,3,60.0,2,40.0,293,1041,486,3,6,0,5,8,362,15
2425,Manchester Utd,Christian Eriksen,DEN,MF,32-275,1992,4.9,337,15,57,177,104,7,337,0,0,,0,,168,631,250,3,5,0,1,3,219,14
2425,Manchester Utd,Diogo Dalot,POR,DF,25-242,1999,10.6,693,52,262,308,127,13,693,12,7,58.3,3,25.0,393,1628,868,10,11,2,11,1,404,35
2425,Manchester Utd,Harry Maguire,ENG,DF,31-255,1993,2.7,198,28,92,99,10,4,198,3,2,66.7,1,33.3,126,791,308,1,3,1,1,0,136,0
2425,Manchester Utd,Jonny Evans,NIR,DF,36-317,1988,2.6,163,22,81,76,10,2,163,1,1,100.0,0,0.0,86,370,134,1,0,0,0,0,93,2
2425,Manchester Utd,Joshua Zirkzee,NED,FW,23-177,2001,4.8,173,5,19,77,79,21,173,10,5,50.0,5,50.0,92,363,125,2,3,1,12,6,125,20
2425,Manchester Utd,Kobbie Mainoo,ENG,MF,19-210,2005,6.3,367,12,78,213,78,7,367,19,14,73.7,5,26.3,227,1072,427,5,6,3,11,15,261,11
2425,Manchester Utd,Lisandro Martínez,ARG,DF,26-302,1998,9.8,777,83,378,359,45,6,777,3,2,66.7,1,33.3,496,2380,1377,5,7,1,0,0,533,5
2425,Manchester Utd,Manuel Ugarte Ribeiro,URU,MF,23-218,2001,3.1,175,10,49,104,23,1,175,4,1,25.0,1,25.0,101,508,278,3,2,0,4,4,115,5
2425,Manchester Utd,Marcus Rashford,ENG,FW,27-015,1997,8.4,355,2,29,155,177,28,355,36,9,25.0,23,63.9,242,1407,622,17,15,11,11,4,277,64
2425,Manchester Utd,Mason Mount,ENG,"MF,FW",25-310,1999,1.6,60,0,8,28,24,6,60,2,0,0.0,2,100.0,35,201,53,1,1,0,3,4,42,4
2425,Manchester Utd,Matthijs de Ligt,NED,DF,25-095,1999,8.5,543,64,280,248,16,10,543,0,0,,0,,354,1603,742,3,1,0,1,2,389,1
2425,Manchester Utd,Noussair Mazraoui,MAR,DF,27-001,1997,9.1,615,37,203,320,103,11,615,19,15,78.9,2,10.5,309,1521,779,13,9,2,5,7,340,16
2425,Manchester Utd,Rasmus Højlund,DEN,FW,21-285,2003,4.6,115,1,6,59,53,11,115,13,5,38.5,7,53.8,76,376,156,6,2,3,15,7,92,17
2425,Manchester Utd,Scott McTominay,SCO,MF,27-343,1996,0.2,14,1,3,8,3,1,14,1,0,0.0,1,100.0,10,68,44,0,0,0,1,1,9,2
2425,Manchester Utd,Toby Collyer,ENG,MF,20-317,2004,0.5,31,1,8,16,7,1,31,1,1,100.0,0,0.0,20,108,27,0,0,0,5,0,23,2
2425,Manchester Utd,Victor Lindelöf,SWE,"DF,MF",30-121,1994,0.7,48,4,23,19,6,2,48,0,0,,0,,19,121,73,0,0,0,0,0,28,1
2425,Newcastle Utd,Alexander Isak,SWE,FW,25-055,1999,8.5,262,6,19,94,153,48,262,20,5,25.0,14,70.0,155,899,436,19,9,13,22,17,178,49
2425,Newcastle Utd,Anthony Gordon,ENG,FW,23-265,2001,9.4,419,6,46,150,228,41,417,37,13,35.1,17,45.9,280,1820,957,34,20,18,12,13,287,79
2425,Newcastle Utd,Bruno Guimarães,BRA,MF,26-365,1997,10.9,678,32,172,372,139,7,678,25,16,64.0,3,12.0,468,2752,1135,15,12,0,16,32,488,12
2425,Newcastle Utd,Dan Burn,ENG,DF,32-190,1992,11.0,703,131,420,248,37,19,703,0,0,,0,,424,1946,712,0,1,0,6,0,490,3
2425,Newcastle Utd,Emil Krafth,SWE,DF,30-105,1994,2.7,100,23,64,30,6,3,100,0,0,,0,,49,167,35,0,1,0,2,1,51,0
2425,Newcastle Utd,Fabian Schär,SUI,DF,32-331,1991,8.3,596,84,302,250,45,10,596,4,2,50.0,1,25.0,394,1940,1164,5,5,1,3,2,414,9
2425,Newcastle Utd,Harvey Barnes,ENG,FW,26-342,1997,5.5,222,6,40,71,111,30,222,13,6,46.2,5,38.5,161,1137,601,23,11,12,13,5,181,52
2425,Newcastle Utd,Jacob Murphy,ENG,FW,29-265,1995,5.5,260,1,39,105,119,12,260,12,4,33.3,8,66.7,159,970,543,15,7,5,6,9,179,42
2425,Newcastle Utd,Joe Willock,ENG,"MF,FW",25-087,1999,3.7,172,4,23,69,83,19,172,9,4,44.4,4,44.4,115,738,337,14,8,6,10,10,129,31
2425,Newcastle Utd,Joelinton,BRA,"MF,FW",28-093,1996,10.3,544,34,105,275,170,36,544,17,6,35.3,10,58.8,324,1630,760,18,9,4,20,21,387,49
2425,Newcastle Utd,Kieran Trippier,ENG,DF,34-057,1990,3.1,264,10,85,103,78,4,264,1,1,100.0,0,0.0,132,431,220,5,1,3,0,1,153,12
2425,Newcastle Utd,Lewis Hall,ENG,DF,20-068,2004,8.7,705,42,255,310,146,11,705,5,3,60.0,2,40.0,389,1799,983,15,7,2,9,9,420,21
2425,Newcastle Utd,Lloyd Kelly,ENG,DF,26-040,1998,2.3,121,20,63,50,11,1,121,3,2,66.7,1,33.3,64,213,53,0,0,0,3,2,64,2
2425,Newcastle Utd,Miguel Almirón,PAR,FW,30-279,1994,1.2,46,1,4,23,19,5,46,1,0,0.0,1,100.0,31,151,61,1,2,1,0,1,31,10
2425,Newcastle Utd,Nick Pope,ENG,GK,32-210,1992,11.0,365,297,362,3,0,0,365,0,0,,0,,188,1039,665,0,0,0,0,0,126,0
2425,Newcastle Utd,Sandro Tonali,ITA,MF,24-191,2000,4.6,221,10,51,113,59,10,221,10,3,30.0,5,50.0,124,577,229,4,3,1,6,2,137,12
2425,Newcastle Utd,Sean Longstaff,ENG,MF,27-016,1997,5.7,264,14,78,119,70,11,264,3,1,33.3,1,33.3,145,666,267,3,7,1,6,5,182,10
2425,Newcastle Utd,Valentino Livramento,ENG,DF,22-003,2002,7.9,453,37,181,176,103,1,453,10,5,50.0,1,10.0,229,1296,577,14,8,0,5,11,229,28
2425,Newcastle Utd,William Osula,DEN,"FW,MF",21-103,2003,0.1,4,0,0,1,3,1,4,1,1,100.0,0,0.0,3,27,14,1,1,0,0,2,3,3
2425,Nott'ham Forest,Anthony Elanga,SWE,FW,22-202,2002,7.2,294,11,48,79,173,29,294,26,5,19.2,13,50.0,147,1170,675,22,11,14,16,9,180,48
2425,Nott'ham Forest,Callum Hudson-Odoi,ENG,FW,24-008,2000,8.7,376,5,38,109,237,32,376,23,16,69.6,5,21.7,228,1865,1213,49,19,19,15,10,286,75
2425,Nott'ham Forest,Chris Wood,NZL,FW,32-344,1991,9.9,239,10,24,125,90,28,238,3,1,33.3,1,33.3,127,480,163,6,2,3,26,5,189,27
2425,Nott'ham Forest,Danilo,BRA,MF,23-200,2001,0.2,6,0,2,4,0,0,6,3,1,33.3,2,66.7,4,26,3,0,0,0,1,0,3,0
2425,Nott'ham Forest,Elliot Anderson,ENG,"MF,FW",22-009,2002,7.0,424,17,75,194,162,26,424,25,15,60.0,6,24.0,225,1183,544,17,9,6,19,12,263,31
2425,Nott'ham Forest,Eric da Silva Moreira,GER,DF,18-196,2006,0.0,0,0,0,0,0,0,0,0,0,,0,,0,0,0,0,0,0,0,0,0,0
2425,Nott'ham Forest,Harry Toffolo,ENG,DF,29-088,1995,0.4,36,3,6,10,20,2,36,0,0,,0,,8,14,7,0,0,0,0,0,16,4
2425,Nott'ham Forest,Ibrahim Sangaré,CIV,MF,26-349,1997,2.4,146,4,36,92,20,6,146,0,0,,0,,60,231,67,0,2,0,2,1,76,2
2425,Nott'ham Forest,James Ward-Prowse,ENG,MF,30-014,1994,3.2,161,9,37,96,31,0,161,0,0,,0,,77,307,106,1,3,0,3,2,92,1
2425,Nott'ham Forest,Jota Silva,POR,"FW,MF",25-106,1999,2.4,105,6,30,29,52,16,105,15,4,26.7,7,46.7,58,453,323,11,7,6,7,4,57,15
2425,Nott'ham Forest,Matz Sels,BEL,GK,32-263,1992,11.0,329,242,323,6,0,0,329,0,0,,0,,181,1005,508,0,0,0,0,0,155,0
2425,Nott'ham Forest,Morato,BRA,DF,23-138,2001,0.8,40,15,27,6,7,0,40,1,1,100.0,0,0.0,9,28,7,0,1,0,0,0,13,0
2425,Nott'ham Forest,Morgan Gibbs-White,ENG,MF,24-293,2000,7.0,357,7,37,181,142,26,357,23,10,43.5,10,43.5,195,962,515,16,11,4,11,14,267,29
2425,Nott'ham Forest,Murillo,BRA,DF,22-134,2002,11.0,576,133,296,242,41,8,576,14,11,78.6,3,21.4,251,1313,863,9,11,0,4,5,300,2
2425,Nott'ham Forest,Neco Williams,WAL,DF,23-216,2001,4.2,209,23,82,66,68,11,209,6,3,50.0,1,16.7,89,476,240,10,3,3,2,6,100,18
2425,Nott'ham Forest,Nicolás Domínguez,ARG,"MF,FW",26-140,1998,5.8,358,14,89,174,98,9,358,2,0,0.0,2,100.0,153,519,269,7,4,2,4,3,202,7
2425,Nott'ham Forest,Nikola Milenković,SRB,DF,27-034,1997,10.0,390,52,195,172,26,20,390,1,1,100.0,0,0.0,177,698,376,2,1,1,0,1,216,1
2425,Nott'ham Forest,Ola Aina,NGA,DF,28-038,1996,10.6,613,42,211,253,161,8,613,22,11,50.0,7,31.8,273,1793,1122,25,16,4,17,8,294,19
2425,Nott'ham Forest,Ramón Sosa,PAR,"MF,FW",25-076,1999,1.1,72,3,12,18,44,7,72,7,4,57.1,3,42.9,37,286,131,6,4,3,3,2,41,10
2425,Nott'ham Forest,Ryan Yates,ENG,MF,26-360,1997,9.0,487,35,121,226,145,24,487,10,5,50.0,3,30.0,237,1118,523,11,12,1,12,11,282,8
2425,Nott'ham Forest,Taiwo Awoniyi,NGA,FW,27-095,1997,1.2,49,2,6,10,34,11,49,2,1,50.0,1,50.0,24,136,86,3,4,1,7,2,29,8
2425,Nott'ham Forest,Willy Boly,CIV,DF,33-286,1991,1.0,71,16,44,25,2,1,71,0,0,,0,,32,111,33,0,0,0,1,0,39,0
2425,Nott'ham Forest,Álex Moreno,ESP,DF,31-160,1993,6.8,372,40,138,138,105,5,372,12,5,41.7,4,33.3,160,998,588,16,12,2,9,4,170,20
2425,Southampton,Aaron Ramsdale,ENG,GK,26-185,1998,9.0,440,312,432,9,0,0,440,0,0,,0,,321,1595,972,0,0,0,0,0,284,0
2425,Southampton,Adam Armstrong,ENG,"FW,MF",27-279,1997,5.1,179,3,16,61,102,24,179,7,1,14.3,6,85.7,121,553,220,10,4,3,6,9,135,45
2425,Southampton,Adam Lallana,ENG,MF,36-189,1988,3.1,247,14,70,125,53,6,247,7,4,57.1,2,28.6,143,707,296,5,7,0,8,6,199,8
2425,Southampton,Alex McCarthy,ENG,GK,34-348,1989,2.0,57,45,57,0,0,0,57,0,0,,0,,37,138,84,0,0,0,0,0,35,0
2425,Southampton,Ben Brereton,CHI,FW,25-211,1999,4.5,189,3,15,67,108,20,189,4,1,25.0,2,50.0,129,746,371,11,13,4,7,4,159,39
2425,Southampton,Cameron Archer,ENG,FW,23-117,2001,6.6,142,5,22,66,55,24,141,12,4,33.3,8,66.7,76,418,213,9,3,7,15,10,93,25
2425,Southampton,Carlos Alcaraz,ARG,MF,21-351,2002,0.1,17,0,1,8,9,2,17,2,0,0.0,2,100.0,12,112,98,4,1,0,0,0,12,1
2425,Southampton,Charlie Taylor,ENG,DF,31-058,1993,2.3,186,19,76,78,33,1,186,2,2,100.0,0,0.0,73,318,109,2,2,0,1,0,109,6
2425,Southampton,Flynn Downes,ENG,MF,25-300,1999,10.0,667,34,196,340,133,11,667,7,1,14.3,6,85.7,314,1641,844,15,14,2,9,12,491,18
2425,Southampton,Jack Stephens,ENG,DF,30-293,1994,6.4,538,35,182,288,71,3,538,3,0,0.0,3,100.0,319,1481,842,11,9,0,1,1,417,1
2425,Southampton,James Bree,ENG,DF,27-035,1997,0.2,10,0,0,8,2,0,10,1,1,100.0,0,0.0,9,48,32,0,0,0,0,1,10,1
2425,Southampton,Jan Bednarek,POL,DF,28-217,1996,10.9,1052,205,554,485,18,4,1052,2,2,100.0,0,0.0,604,2290,1186,4,4,1,1,0,770,1
2425,Southampton,Joe Aribo,NGA,MF,28-117,1996,6.7,372,14,84,177,115,17,372,20,7,35.0,12,60.0,215,1205,661,18,11,5,9,7,271,28
2425,Southampton,Kamaldeen Sulemana,GHA,"FW,MF",22-274,2002,0.2,9,2,6,0,3,1,9,1,0,0.0,1,100.0,3,17,11,1,0,1,2,2,3,1
2425,Southampton,Kyle Walker-Peters,ENG,DF,27-216,1997,8.9,676,37,201,329,150,15,676,30,12,40.0,13,43.3,449,2747,1462,37,15,9,3,15,513,24
2425,Southampton,Lesley Ugochukwu,FRA,MF,20-234,2004,1.9,88,2,20,55,14,2,88,2,1,50.0,1,50.0,44,255,132,4,1,1,0,1,59,1
2425,Southampton,Mateus Fernandes,POR,MF,20-128,2004,7.9,454,20,101,222,142,18,454,29,16,55.2,13,44.8,256,1636,812,26,18,3,16,12,310,28
2425,Southampton,Maxwel Cornet,CIV,FW,28-049,1996,0.8,34,1,8,14,13,2,34,1,0,0.0,1,100.0,16,73,26,1,0,1,3,0,23,5
2425,Southampton,Paul Onuachu,NGA,FW,30-171,1994,0.7,35,0,4,19,13,6,35,3,1,33.3,2,66.7,20,75,11,0,0,0,2,5,31,2
2425,Southampton,Ross Stewart,SCO,"FW,MF",28-127,1996,1.5,61,5,13,30,18,2,61,2,1,50.0,1,50.0,34,144,54,1,0,0,1,5,46,5
2425,Southampton,Ryan Fraser,SCO,FW,30-265,1994,1.6,50,4,13,20,17,1,50,1,0,0.0,1,100.0,26,150,80,4,3,1,1,1,32,7
2425,Southampton,Ryan Manning,IRL,"DF,FW",28-154,1996,3.7,160,17,33,58,72,9,160,6,3,50.0,3,50.0,76,250,132,2,2,2,4,1,104,29
2425,Southampton,Samuel Amo-Ameyaw,ENG,DF,18-120,2006,0.1,6,0,0,0,6,1,6,0,0,,0,,6,50,25,0,0,1,0,2,6,2
2425,Southampton,Samuel Edozie,ENG,"DF,FW",21-292,2003,0.7,43,0,0,7,36,10,43,4,2,50.0,2,50.0,34,336,197,6,2,4,4,0,39,23
2425,Southampton,Taylor Harwood-Bellis,ENG,DF,22-290,2002,9.6,861,111,422,391,50,17,861,1,1,100.0,0,0.0,504,2129,1231,4,5,0,4,3,649,5
2425,Southampton,Tyler Dibling,ENG,"FW,MF",18-248,2006,6.3,273,6,30,119,127,14,273,39,16,41.0,13,33.3,194,1706,905,30,20,11,18,13,223,40
2425,Southampton,William Smallbone,IRL,MF,24-268,2000,2.7,156,6,20,65,72,11,156,1,1,100.0,0,0.0,61,237,128,2,5,0,7,2,93,12
2425,Southampton,Yukinari Sugawara,JPN,DF,24-140,2000,7.4,525,30,176,204,146,12,525,8,3,37.5,4,50.0,275,1202,666,12,9,2,7,1,351,28
2425,Tottenham,Archie Gray,ENG,"MF,DF",18-248,2006,0.5,65,2,21,37,8,0,65,3,1,33.3,1,33.3,40,168,73,0,0,0,1,2,45,1
2425,Tottenham,Ben Davies,WAL,DF,31-205,1993,0.3,18,3,13,5,0,0,18,0,0,,0,,4,43,25,0,0,0,0,0,11,0
2425,Tottenham,Brennan Johnson,WAL,FW,23-176,2001,9.6,351,5,31,97,227,77,351,17,6,35.3,9,52.9,210,1190,676,31,10,23,13,7,249,99
2425,Tottenham,Cristian Romero,ARG,DF,26-202,1998,10.7,976,111,398,530,54,16,976,3,1,33.3,1,33.3,654,3417,2136,10,16,0,4,3,671,2
2425,Tottenham,Dejan Kulusevski,SWE,"MF,FW",24-204,2000,9.5,473,11,49,138,292,64,473,38,12,31.6,22,57.9,276,2104,1220,43,26,12,22,28,314,76
2425,Tottenham,Destiny Udogie,ITA,DF,21-353,2002,10.2,678,26,158,284,241,32,678,17,7,41.2,9,52.9,369,1961,1055,26,21,6,12,13,422,60
2425,Tottenham,Djed Spence,ENG,DF,24-098,2000,0.7,44,1,11,20,14,1,44,5,1,20.0,4,80.0,31,198,108,3,3,0,0,0,33,5
2425,Tottenham,Dominic Solanke,ENG,FW,27-062,1997,8.9,254,12,17,119,120,47,254,28,13,46.4,15,53.6,147,816,348,15,8,7,20,13,175,43
2425,Tottenham,Guglielmo Vicario,ITA,GK,28-039,1996,11.0,426,264,416,10,0,0,426,1,1,100.0,0,0.0,313,1591,855,0,0,0,0,0,283,0
2425,Tottenham,James Maddison,ENG,MF,27-358,1996,7.6,589,9,66,244,282,40,589,27,13,48.1,11,40.7,398,2002,904,16,16,6,10,10,439,44
2425,Tottenham,Lucas Bergvall,SWE,"MF,FW",18-287,2006,0.6,72,1,6,35,32,2,72,5,3,60.0,2,40.0,36,139,40,1,1,0,3,3,49,3
2425,Tottenham,Micky van de Ven,NED,DF,23-210,2001,7.9,670,72,336,311,31,7,670,6,4,66.7,2,33.3,471,2201,1076,8,10,1,3,3,489,1
2425,Tottenham,Mikey Moore,ENG,FW,17-096,2007,0.9,34,0,4,6,24,3,34,6,1,16.7,4,66.7,27,235,125,5,2,2,2,2,27,12
2425,Tottenham,Pape Matar Sarr,SEN,MF,22-062,2002,4.9,387,9,47,231,114,6,387,9,2,22.2,7,77.8,239,1416,629,10,13,0,4,4,277,20
2425,Tottenham,Pedro Porro,ESP,DF,25-063,1999,11.0,867,40,232,285,359,16,867,14,3,21.4,9,64.3,472,2250,1175,33,20,1,9,8,516,44
2425,Tottenham,Radu Drăgușin,ROU,DF,22-286,2002,3.1,228,18,98,117,14,3,228,1,0,0.0,0,0.0,125,668,316,3,2,0,4,0,148,0
2425,Tottenham,Richarlison,BRA,FW,27-189,1997,1.0,47,2,6,28,13,5,47,5,1,20.0,3,60.0,28,153,65,4,2,1,2,1,39,12
2425,Tottenham,Rodrigo Bentancur,URU,MF,27-143,1997,5.9,459,18,106,266,91,7,459,6,2,33.3,3,50.0,283,1204,499,5,9,2,3,4,323,3
2425,Tottenham,Son Heung-min,KOR,FW,32-130,1992,7.4,387,3,25,116,251,45,387,36,15,41.7,18,50.0,255,1585,849,33,19,11,9,4,304,107
2425,Tottenham,Timo Werner,GER,"FW,MF",28-254,1996,3.0,173,1,10,43,124,24,173,13,6,46.2,6,46.2,119,1021,648,27,13,12,8,5,133,54
2425,Tottenham,Wilson Odobert,FRA,FW,19-353,2004,1.8,105,2,11,29,65,13,105,10,3,30.0,6,60.0,76,626,410,13,10,6,4,4,80,18
2425,Tottenham,Yves Bissouma,MLI,MF,28-077,1996,4.5,338,20,86,192,65,2,338,11,5,45.5,6,54.5,205,1322,610,8,5,0,10,4,244,0
2425,West Ham,Aaron Cresswell,ENG,DF,34-336,1989,0.3,40,2,11,19,10,0,40,0,0,,0,,15,49,20,1,2,0,0,0,22,1
2425,West Ham,Aaron Wan-Bissaka,ENG,DF,26-355,1997,9.1,530,43,160,221,161,13,530,30,18,60.0,9,30.0,254,1849,1045,30,16,4,9,9,300,37
2425,West Ham,Alphonse Areola,FRA,GK,31-262,1993,7.5,303,246,299,4,0,0,303,0,0,,0,,166,726,360,0,0,0,0,0,151,0
2425,West Ham,Andy Irving,SCO,MF,24-186,2000,0.3,37,0,8,24,5,0,37,0,0,,0,,23,91,40,0,1,0,0,0,27,0
2425,West Ham,Carlos Soler,ESP,"MF,FW",27-318,1997,3.0,129,4,31,63,36,3,129,3,1,33.3,2,66.7,69,319,111,5,4,1,1,6,94,6
2425,West Ham,Crysencio Summerville,NED,"MF,FW",23-016,2001,3.8,159,6,19,58,83,12,159,16,5,31.3,7,43.8,86,608,312,11,4,4,8,10,95,29
2425,West Ham,Danny Ings,ENG,"FW,MF",32-115,1992,0.8,36,0,6,11,19,8,36,2,2,100.0,0,0.0,20,112,39,2,0,2,2,0,28,8
2425,West Ham,Edson Álvarez,MEX,"MF,DF",27-022,1997,4.5,284,15,91,152,45,4,284,9,2,22.2,4,44.4,173,958,387,4,7,0,2,3,187,3
2425,West Ham,Emerson Palmieri,ITA,DF,30-104,1994,9.5,544,28,166,228,159,10,544,6,2,33.3,4,66.7,227,1205,658,14,11,5,12,4,285,42
2425,West Ham,Guido Rodríguez,ARG,MF,30-217,1994,8.9,488,31,151,291,47,1,488,2,1,50.0,0,0.0,233,834,329,2,5,0,1,5,280,4
2425,West Ham,James Ward-Prowse,ENG,MF,30-014,1994,0.2,16,0,3,11,2,0,16,0,0,,0,,6,38,30,1,0,0,0,0,8,0
2425,West Ham,Jarrod Bowen,ENG,"MF,FW",27-331,1996,10.7,413,13,60,135,230,52,412,46,21,45.7,23,50.0,229,1823,883,42,16,20,18,24,235,62
2425,West Ham,Jean-Clair Todibo,FRA,DF,24-321,1999,5.6,354,56,209,137,11,5,354,7,4,57.1,3,42.9,207,922,488,2,3,0,2,5,235,1
2425,West Ham,Konstantinos Mavropanos,GRE,DF,26-340,1997,7.2,453,69,215,217,22,6,453,4,2,50.0,1,25.0,253,1348,775,7,3,1,3,0,285,2
2425,West Ham,Lucas Paquetá,BRA,MF,27-080,1997,9.0,588,16,120,316,158,21,587,11,7,63.6,4,36.4,317,1175,430,8,11,2,19,27,408,27
2425,West Ham,Luis Guilherme,BRA,MF,18-280,2006,0.1,8,0,1,2,5,1,8,3,0,0.0,1,33.3,5,38,10,0,0,0,0,0,5,1
2425,West Ham,Max Kilman,ENG,DF,27-176,1997,11.0,680,131,369,287,28,6,680,8,6,75.0,0,0.0,401,1712,1006,12,5,0,7,1,462,2
2425,West Ham,Michail Antonio,JAM,FW,34-232,1990,7.4,230,3,17,98,120,28,230,20,7,35.0,9,45.0,135,950,558,20,10,4,26,12,171,44
2425,West Ham,Mohammed Kudus,GHA,"MF,FW",24-105,2000,7.4,309,5,36,124,161,37,309,56,28,50.0,21,37.5,211,1576,838,37,19,17,18,25,246,66
2425,West Ham,Niclas Füllkrug,GER,FW,31-280,1993,0.7,24,3,3,10,11,6,24,2,0,0.0,2,100.0,10,51,43,2,0,2,4,1,15,3
2425,West Ham,Tomáš Souček,CZE,MF,29-262,1995,7.3,343,33,97,159,88,38,343,2,0,0.0,2,100.0,149,387,146,2,4,1,5,4,214,19
2425,West Ham,Vladimír Coufal,CZE,DF,32-085,1992,2.5,135,8,37,66,32,0,135,3,0,0.0,1,33.3,52,295,78,4,3,0,3,4,64,6
2425,West Ham,Łukasz Fabiański,POL,GK,39-211,1985,3.5,108,94,108,0,0,0,108,0,0,,0,,57,278,195,0,0,0,0,0,42,0
2425,Wolves,André,BRA,MF,23-122,2001,4.0,211,25,73,124,17,1,211,3,3,100.0,0,0.0,116,469,205,0,2,0,5,5,140,0
2425,Wolves,Carlos Forbs,POR,"MF,FW",20-241,2004,2.0,82,3,15,25,43,10,82,7,5,71.4,2,28.6,52,340,248,8,3,7,5,3,59,21
2425,Wolves,Chiquinho,POR,MF,24-284,2000,0.1,3,0,0,1,2,1,3,0,0,,0,,1,13,5,0,0,0,0,0,2,0
2425,Wolves,Craig Dawson,ENG,DF,34-193,1990,8.3,508,109,301,185,23,12,508,5,1,20.0,2,40.0,281,1343,756,5,1,0,1,0,327,5
2425,Wolves,Daniel Podence,POR,"MF,FW",29-025,1995,0.5,20,0,2,11,7,0,20,2,2,100.0,0,0.0,13,77,43,1,1,0,0,0,17,3
2425,Wolves,Gonçalo Guedes,POR,"FW,MF",27-352,1996,1.4,61,0,6,25,32,3,61,2,0,0.0,1,50.0,33,233,96,3,2,0,5,2,38,12
2425,Wolves,Hwang Hee-chan,KOR,"FW,MF",28-294,1996,2.8,83,1,12,33,39,5,83,6,1,16.7,5,83.3,48,289,126,5,1,3,4,4,54,7
2425,Wolves,Jean-Ricner Bellegarde,FRA,"MF,FW",26-141,1998,5.3,195,5,32,77,89,13,195,26,2,7.7,15,57.7,128,856,391,13,9,5,7,7,134,26
2425,Wolves,José Sá,POR,GK,31-303,1993,6.0,221,179,218,3,0,0,221,1,1,100.0,0,0.0,131,887,558,0,0,0,0,0,101,0
2425,Wolves,João Gomes,BRA,MF,23-277,2001,10.3,504,18,115,291,107,8,504,13,9,69.2,3,23.1,268,1751,904,19,16,2,9,13,321,20
2425,Wolves,Jørgen Strand Larsen,NOR,FW,24-283,2000,9.9,226,17,37,115,75,31,226,3,2,66.7,1,33.3,102,370,131,4,3,3,27,6,151,24
2425,Wolves,Mario Lemina,GAB,MF,31-075,1993,9.8,456,53,160,234,71,13,456,14,10,71.4,3,21.4,198,1059,553,4,7,0,16,6,261,15
2425,Wolves,Matheus Cunha,BRA,"MF,FW",25-172,1999,9.8,446,10,47,204,210,54,446,42,20,47.6,14,33.3,243,2237,1044,35,29,18,21,19,285,54
2425,Wolves,Matt Doherty,IRL,DF,32-304,1992,2.3,135,13,49,55,33,5,135,1,1,100.0,0,0.0,52,183,68,1,2,0,3,1,62,8
2425,Wolves,Nélson Semedo,POR,DF,30-365,1993,8.7,467,51,162,215,92,8,467,21,10,47.6,9,42.9,228,1389,722,14,8,6,9,3,256,22
2425,Wolves,Pablo Sarabia,ESP,"MF,FW",32-188,1992,2.0,122,2,14,68,40,8,122,7,4,57.1,2,28.6,65,276,147,4,1,0,5,2,78,13
2425,Wolves,Rayan Aït-Nouri,ALG,DF,23-162,2001,10.2,563,35,156,254,162,21,563,35,18,51.4,14,40.0,296,1583,741,19,14,5,9,9,338,41
2425,Wolves,Rodrigo Gomes,POR,"FW,MF",21-131,2003,1.3,46,3,9,14,23,5,46,2,1,50.0,1,50.0,22,196,157,6,1,4,3,2,29,12
2425,Wolves,Sam Johnstone,ENG,GK,31-235,1993,5.0,227,173,225,2,0,0,227,0,0,,0,,150,960,612,0,0,0,0,0,133,0
2425,Wolves,Santiago Bueno,URU,DF,26-006,1998,4.9,256,43,142,108,6,1,256,2,0,0.0,2,100.0,136,530,241,0,1,0,0,1,162,1
2425,Wolves,Tommy Doyle,ENG,MF,23-029,2001,3.0,214,11,62,126,27,1,214,3,2,66.7,0,0.0,125,704,287,3,1,0,4,1,144,2
2425,Wolves,Toti Gomes,POR,DF,25-304,1999,8.2,475,72,249,205,30,5,475,6,5,83.3,0,0.0,269,1417,746,4,8,0,10,6,309,3
2425,Wolves,Yerson Mosquera,COL,DF,23-197,2001,4.9,294,43,170,115,12,7,294,0,0,,0,,168,683,322,0,1,0,4,1,182,0
